COLOUR_BOOK,COLOUR_CODE,HUE,VALUE,CHROMA,R,G,B,HEX
M,10B2.5/1,10B,2.5,1,54,61,66,#363D42
M,10B31,10B,3,1,65,73,78,#41494E
M,10B51,10B,5,1,115,123,128,#737B80
M,10B61,10B,6,1,141,148,153,#8D9499
M,10B71,10B,7,1,168,174,179,#A8AEB3
M,10B81,10B,8,1,194,201,205,#C2C9CD
M,10BG41,10BG,4,1,87,98,99,#576263
M,10BG51,10BG,5,1,112,124,125,#707C7D
M,10BG71,10BG,7,1,163,176,176,#A3B0B0
M,10BG81,10BG,8,1,189,203,203,#BDCBCB
M,10G31,10G,3,1,64,74,71,#404A47
M,10G51,10G,5,1,112,124,120,#707C78
M,10G61,10G,6,1,137,150,146,#899692
M,10G71,10G,7,1,162,177,172,#A2B1AC
M,10GY31,10GY,3,1,67,73,67,#434943
M,10GY41,10GY,4,1,91,98,90,#5B625A
M,10GY51,10GY,5,1,116,124,115,#747C73
M,10GY61,10GY,6,1,140,150,140,#8C968C
M,10GY71,10GY,7,1,166,176,165,#A6B0A5
M,10GY81,10GY,8,1,192,203,191,#C0CBBF
M,10R2.5/2,10R,2.5,2,77,54,51,#4D3633
M,10R20,10R,2,0,49,49,49,#313131
M,10R22,10R,2,2,65,43,41,#412B29
M,10R23,10R,2,3,71,41,37,#472925
M,10R31,10R,3,1,82,69,66,#524542
M,10R32,10R,3,2,90,66,61,#5A423D
M,10R33,10R,3,3,97,63,56,#613F38
M,10R34,10R,3,4,104,60,51,#683C33
M,10R35,10R,3,5,110,56,46,#6E382E
M,10R36,10R,3,6,115,53,41,#733529
M,10R37,10R,3,7,121,49,35,#793123
M,10R38,10R,3,8,126,44,30,#7E2C1E
M,10R42,10R,4,2,115,91,85,#735B55
M,10R43,10R,4,3,123,88,79,#7B584F
M,10R44,10R,4,4,130,85,74,#82554A
M,10R45,10R,4,5,136,82,68,#885244
M,10R46,10R,4,6,142,79,62,#8E4F3E
M,10R47,10R,4,7,148,75,56,#944B38
M,10R48,10R,4,8,154,72,50,#9A4832
M,10R51,10R,5,1,131,119,116,#837774
M,10R52,10R,5,2,139,117,111,#8B756F
M,10R53,10R,5,3,147,114,105,#937269
M,10R54,10R,5,4,155,111,98,#9B6F62
M,10R55,10R,5,5,163,108,92,#A36C5C
M,10R56,10R,5,6,170,105,86,#AA6956
M,10R58,10R,5,8,182,98,72,#B66248
M,10R64,10R,6,4,182,137,123,#B6897B
M,10R66,10R,6,6,196,132,111,#C4846F
M,10R68,10R,6,8,209,125,98,#D17D62
M,10R80,10R,8,0,200,200,200,#C8C8C8
M,10Y2.5/1,10Y,2.5,1,61,60,52,#3D3C34
M,10Y31,10Y,3,1,73,72,62,#49483E
M,10Y41,10Y,4,1,97,97,85,#616155
M,10Y51,10Y,5,1,123,122,110,#7B7A6E
M,10Y61,10Y,6,1,149,148,134,#959486
M,10Y71,10Y,7,1,175,174,159,#AFAE9F
M,10Y81,10Y,8,1,202,201,184,#CAC9B8
M,10YR20,10YR,2,0,49,49,49,#313131
M,10YR21,10YR,2,1,55,48,41,#373029
M,10YR22,10YR,2,2,60,46,33,#3C2E21
M,10YR23,10YR,2,3,64,45,24,#402D18
M,10YR24,10YR,2,4,68,44,13,#442C0D
M,10YR25,10YR,2,5,71,43,0,#472B00
M,10YR27,10YR,2,7,76,40,0,#4C2800
M,10YR30,10YR,3,0,72,72,72,#484848
M,10YR31,10YR,3,1,79,70,62,#4F463E
M,10YR32,10YR,3,2,84,69,53,#544535
M,10YR33,10YR,3,3,89,68,44,#59442C
M,10YR34,10YR,3,4,93,67,34,#5D4322
M,10YR35,10YR,3,5,96,65,23,#604117
M,10YR36,10YR,3,6,99,64,8,#634008
M,10YR37,10YR,3,7,102,64,0,#664000
M,10YR40,10YR,4,0,96,96,96,#606060
M,10YR41,10YR,4,1,104,95,85,#685F55
M,10YR42,10YR,4,2,110,93,75,#6E5D4B
M,10YR43,10YR,4,3,115,92,64,#735C40
M,10YR44,10YR,4,4,120,91,54,#785B36
M,10YR45,10YR,4,5,124,90,44,#7C5A2C
M,10YR46,10YR,4,6,127,89,33,#7F5921
M,10YR47,10YR,4,7,130,88,19,#825813
M,10YR48,10YR,4,8,132,87,0,#845700
M,10YR50,10YR,5,0,121,121,121,#797979
M,10YR51,10YR,5,1,129,120,111,#81786F
M,10YR52,10YR,5,2,135,119,100,#877764
M,10YR53,10YR,5,3,141,118,90,#8D765A
M,10YR54,10YR,5,4,146,116,79,#92744F
M,10YR55,10YR,5,5,151,115,67,#977343
M,10YR56,10YR,5,6,155,114,55,#9B7237
M,10YR57,10YR,5,7,159,113,42,#9F712A
M,10YR58,10YR,5,8,162,112,28,#A2701C
M,10YR60,10YR,6,0,147,147,147,#939393
M,10YR61,10YR,6,1,155,146,136,#9B9288
M,10YR62,10YR,6,2,161,145,125,#A1917D
M,10YR63,10YR,6,3,167,144,114,#A79072
M,10YR64,10YR,6,4,172,143,103,#AC8F67
M,10YR65,10YR,6,5,178,141,92,#B28D5C
M,10YR66,10YR,6,6,182,140,80,#B68C50
M,10YR67,10YR,6,7,186,139,68,#BA8B44
M,10YR68,10YR,6,8,190,138,54,#BE8A36
M,10YR70,10YR,7,0,173,173,173,#ADADAD
M,10YR71,10YR,7,1,181,172,162,#B5ACA2
M,10YR72,10YR,7,2,188,171,150,#BCAB96
M,10YR73,10YR,7,3,194,170,139,#C2AA8B
M,10YR74,10YR,7,4,199,169,127,#C7A97F
M,10YR75,10YR,7,5,204,168,116,#CCA874
M,10YR76,10YR,7,6,209,167,104,#D1A768
M,10YR77,10YR,7,7,213,165,92,#D5A55C
M,10YR78,10YR,7,8,217,164,80,#D9A450
M,10YR80,10YR,8,0,200,200,200,#C8C8C8
M,10YR81,10YR,8,1,207,199,187,#CFC7BB
M,10YR82,10YR,8,2,214,198,175,#D6C6AF
M,10YR83,10YR,8,3,220,197,164,#DCC5A4
M,10YR84,10YR,8,4,226,196,152,#E2C498
M,10YR85,10YR,8,5,231,194,141,#E7C28D
M,10YR86,10YR,8,6,236,193,129,#ECC181
M,10YR87,10YR,8,7,241,192,117,#F1C075
M,10YR88,10YR,8,8,245,191,104,#F5BF68
M,10YR92,10YR,9,2,242,225,200,#F2E1C8
M,2.5Y2.5/1,2.5Y,2.5,1,65,59,51,#413B33
M,2.5Y20,2.5Y,2,0,49,49,49,#313131
M,2.5Y21,2.5Y,2,1,54,48,40,#363028
M,2.5Y22,2.5Y,2,2,58,47,32,#3A2F20
M,2.5Y24,2.5Y,2,4,64,46,7,#402E07
M,2.5Y25,2.5Y,2,5,67,45,0,#432D00
M,2.5Y30,2.5Y,3,0,72,72,72,#484848
M,2.5Y31,2.5Y,3,1,77,71,62,#4D473E
M,2.5Y32,2.5Y,3,2,81,70,52,#514634
M,2.5Y33,2.5Y,3,3,85,69,42,#55452A
M,2.5Y34,2.5Y,3,4,89,69,31,#59451F
M,2.5Y36,2.5Y,3,6,94,67,1,#5E4301
M,2.5Y40,2.5Y,4,0,96,96,96,#606060
M,2.5Y41,2.5Y,4,1,102,95,85,#665F55
M,2.5Y42,2.5Y,4,2,107,94,73,#6B5E49
M,2.5Y43,2.5Y,4,3,112,94,62,#705E3E
M,2.5Y44,2.5Y,4,4,115,93,51,#735D33
M,2.5Y45,2.5Y,4,5,118,92,39,#765C27
M,2.5Y46,2.5Y,4,6,121,92,27,#795C1B
M,2.5Y48,2.5Y,4,8,125,90,0,#7D5A00
M,2.5Y50,2.5Y,5,0,121,121,121,#797979
M,2.5Y51,2.5Y,5,1,128,121,110,#80796E
M,2.5Y52,2.5Y,5,2,133,120,99,#857863
M,2.5Y53,2.5Y,5,3,137,119,87,#897757
M,2.5Y54,2.5Y,5,4,142,118,75,#8E764B
M,2.5Y55,2.5Y,5,5,146,118,62,#92763E
M,2.5Y56,2.5Y,5,6,149,117,48,#957530
M,2.5Y57,2.5Y,5,7,152,116,34,#987422
M,2.5Y58,2.5Y,5,8,154,116,15,#9A740F
M,2.5Y60,2.5Y,6,0,147,147,147,#939393
M,2.5Y61,2.5Y,6,1,153,147,135,#999387
M,2.5Y62,2.5Y,6,2,159,146,123,#9F927B
M,2.5Y63,2.5Y,6,3,163,145,111,#A3916F
M,2.5Y64,2.5Y,6,4,168,145,99,#A89163
M,2.5Y65,2.5Y,6,5,172,144,87,#AC9057
M,2.5Y66,2.5Y,6,6,176,143,74,#B08F4A
M,2.5Y67,2.5Y,6,7,179,142,60,#B38E3C
M,2.5Y68,2.5Y,6,8,182,142,45,#B68E2D
M,2.5Y70,2.5Y,7,0,173,173,173,#ADADAD
M,2.5Y71,2.5Y,7,1,179,173,160,#B3ADA0
M,2.5Y72,2.5Y,7,2,185,172,147,#B9AC93
M,2.5Y73,2.5Y,7,3,190,172,135,#BEAC87
M,2.5Y74,2.5Y,7,4,195,171,124,#C3AB7C
M,2.5Y75,2.5Y,7,5,199,170,111,#C7AA6F
M,2.5Y76,2.5Y,7,6,203,169,99,#CBA963
M,2.5Y77,2.5Y,7,7,206,169,86,#CEA956
M,2.5Y78,2.5Y,7,8,209,168,72,#D1A848
M,2.5Y80,2.5Y,8,0,200,200,200,#C8C8C8
M,2.5Y81,2.5Y,8,1,206,199,186,#CEC7BA
M,2.5Y82,2.5Y,8,2,211,199,172,#D3C7AC
M,2.5Y83,2.5Y,8,3,216,198,160,#D8C6A0
M,2.5Y84,2.5Y,8,4,221,198,148,#DDC694
M,2.5Y86,2.5Y,8,6,229,196,123,#E5C47B
M,2.5YR2.5/1,2.5YR,2.5,1,69,57,54,#453936
M,2.5YR2.5/2,2.5YR,2.5,2,76,55,49,#4C3731
M,2.5YR2.5/3,2.5YR,2.5,3,83,52,43,#53342B
M,2.5YR2.5/4,2.5YR,2.5,4,88,50,37,#583225
M,2.5YR20,2.5YR,2,0,49,49,49,#313131
M,2.5YR21,2.5YR,2,1,57,46,44,#392E2C
M,2.5YR22,2.5YR,2,2,64,44,39,#402C27
M,2.5YR23,2.5YR,2,3,71,41,34,#472922
M,2.5YR24,2.5YR,2,4,76,38,29,#4C261D
M,2.5YR25,2.5YR,2,5,81,35,23,#512317
M,2.5YR26,2.5YR,2,6,86,32,17,#562011
M,2.5YR30,2.5YR,3,0,72,72,72,#484848
M,2.5YR31,2.5YR,3,1,81,69,65,#514541
M,2.5YR32,2.5YR,3,2,89,66,59,#59423B
M,2.5YR33,2.5YR,3,3,96,64,52,#604034
M,2.5YR34,2.5YR,3,4,102,61,46,#663D2E
M,2.5YR35,2.5YR,3,5,108,58,39,#6C3A27
M,2.5YR36,2.5YR,3,6,113,56,32,#713820
M,2.5YR37,2.5YR,3,7,117,53,24,#753518
M,2.5YR38,2.5YR,3,8,121,50,15,#79320F
M,2.5YR40,2.5YR,4,0,96,96,96,#606060
M,2.5YR41,2.5YR,4,1,106,93,89,#6A5D59
M,2.5YR42,2.5YR,4,2,114,91,82,#725B52
M,2.5YR43,2.5YR,4,3,122,88,75,#7A584B
M,2.5YR44,2.5YR,4,4,129,86,68,#815644
M,2.5YR45,2.5YR,4,5,135,83,62,#87533E
M,2.5YR46,2.5YR,4,6,140,81,54,#8C5136
M,2.5YR47,2.5YR,4,7,145,78,47,#914E2F
M,2.5YR48,2.5YR,4,8,150,75,38,#964B26
M,2.5YR50,2.5YR,5,0,121,121,121,#797979
M,2.5YR51,2.5YR,5,1,131,119,115,#837773
M,2.5YR52,2.5YR,5,2,139,117,108,#8B756C
M,2.5YR53,2.5YR,5,3,147,114,101,#937265
M,2.5YR54,2.5YR,5,4,154,112,94,#9A705E
M,2.5YR55,2.5YR,5,5,161,109,86,#A16D56
M,2.5YR56,2.5YR,5,6,167,107,78,#A76B4E
M,2.5YR57,2.5YR,5,7,174,104,70,#AE6846
M,2.5YR58,2.5YR,5,8,179,101,61,#B3653D
M,2.5YR60,2.5YR,6,0,147,147,147,#939393
M,2.5YR61,2.5YR,6,1,157,145,140,#9D918C
M,2.5YR62,2.5YR,6,2,166,143,133,#A68F85
M,2.5YR63,2.5YR,6,3,173,140,126,#AD8C7E
M,2.5YR64,2.5YR,6,4,181,138,118,#B58A76
M,2.5YR65,2.5YR,6,5,188,135,111,#BC876F
M,2.5YR66,2.5YR,6,6,195,133,103,#C38567
M,2.5YR68,2.5YR,6,8,207,128,87,#CF8057
M,2.5YR71,2.5YR,7,1,183,171,166,#B7ABA6
M,2.5YR72,2.5YR,7,2,191,169,159,#BFA99F
M,2.5YR73,2.5YR,7,3,200,167,152,#C8A798
M,2.5YR74,2.5YR,7,4,208,164,144,#D0A490
M,2.5YR75,2.5YR,7,5,215,162,136,#D7A288
M,2.5YR76,2.5YR,7,6,223,159,127,#DF9F7F
M,2.5YR81,2.5YR,8,1,208,198,194,#D0C6C2
M,2.5YR82,2.5YR,8,2,216,196,187,#D8C4BB
M,2.5YR84,2.5YR,8,4,236,190,168,#ECBEA8
M,5B41,5B,4,1,88,98,101,#586265
M,5B51,5B,5,1,113,123,126,#717B7E
M,5B61,5B,6,1,139,149,152,#8B9598
M,5B71,5B,7,1,165,175,178,#A5AFB2
M,5B81,5B,8,1,192,202,204,#C0CACC
M,5BG31,5BG,3,1,63,74,73,#3F4A49
M,5BG41,5BG,4,1,87,98,97,#576261
M,5BG51,5BG,5,1,111,124,123,#6F7C7B
M,5BG61,5BG,6,1,137,150,148,#899694
M,5BG71,5BG,7,1,162,177,174,#A2B1AE
M,5G2.5/1,5G,2.5,1,54,62,58,#363E3A
M,5G31,5G,3,1,65,74,69,#414A45
M,5G41,5G,4,1,88,98,93,#58625D
M,5G42,5G,4,2,80,101,90,#50655A
M,5G51,5G,5,1,113,124,118,#717C76
M,5G52,5G,5,2,104,127,115,#687F73
M,5G61,5G,6,1,138,150,143,#8A968F
M,5G62,5G,6,2,128,153,140,#80998C
M,5G71,5G,7,1,163,177,169,#A3B1A9
M,5G72,5G,7,2,153,180,165,#99B4A5
M,5G81,5G,8,1,189,203,195,#BDCBC3
M,5GY2.5/1,5GY,2.5,1,58,61,53,#3A3D35
M,5GY31,5GY,3,1,70,73,64,#464940
M,5GY41,5GY,4,1,94,97,87,#5E6157
M,5GY51,5GY,5,1,119,123,111,#777B6F
M,5GY61,5GY,6,1,145,149,136,#919588
M,5GY71,5GY,7,1,172,175,161,#ACAFA1
M,5GY81,5GY,8,1,198,202,186,#C6CABA
M,5PB51,5PB,5,1,119,122,128,#777A80
M,5PB61,5PB,6,1,144,148,153,#909499
M,5PB71,5PB,7,1,170,174,179,#AAAEB3
M,5PB81,5PB,8,1,197,200,205,#C5C8CD
M,5R32,5R,3,2,90,65,65,#5A4141
M,5R33,5R,3,3,98,62,62,#623E3E
M,5R34,5R,3,4,105,58,59,#693A3B
M,5R36,5R,3,6,116,51,53,#743335
M,5R46,5R,4,6,143,77,76,#8F4D4C
M,5R48,5R,4,8,155,69,69,#9B4545
M,5R52,5R,5,2,138,116,115,#8A7473
M,5Y2.5/1,5Y,2.5,1,63,60,51,#3F3C33
M,5Y2.5/2,5Y,2.5,2,67,59,42,#433B2A
M,5Y20,5Y,2,0,49,49,49,#313131
M,5Y21,5Y,2,1,52,49,40,#343128
M,5Y22,5Y,2,2,55,48,31,#37301F
M,5Y25,5Y,2,5,63,47,0,#3F2F00
M,5Y30,5Y,3,0,72,72,72,#484848
M,5Y31,5Y,3,1,75,71,62,#4B473E
M,5Y32,5Y,3,2,79,71,51,#4F4733
M,5Y33,5Y,3,3,82,71,41,#524729
M,5Y34,5Y,3,4,84,70,30,#54461E
M,5Y36,5Y,3,6,89,69,0,#594500
M,5Y40,5Y,4,0,96,96,96,#606060
M,5Y41,5Y,4,1,100,96,84,#646054
M,5Y42,5Y,4,2,104,96,73,#686049
M,5Y43,5Y,4,3,108,95,61,#6C5F3D
M,5Y44,5Y,4,4,111,95,48,#6F5F30
M,5Y46,5Y,4,6,115,94,21,#735E15
M,5Y50,5Y,5,0,121,121,121,#797979
M,5Y51,5Y,5,1,126,121,109,#7E796D
M,5Y52,5Y,5,2,129,121,97,#817961
M,5Y53,5Y,5,3,133,121,85,#857955
M,5Y54,5Y,5,4,136,121,72,#887948
M,5Y56,5Y,5,6,142,120,44,#8E782C
M,5Y58,5Y,5,8,146,119,2,#927702
M,5Y60,5Y,6,0,147,147,147,#939393
M,5Y61,5Y,6,1,152,147,134,#989386
M,5Y62,5Y,6,2,155,147,121,#9B9379
M,5Y63,5Y,6,3,159,147,109,#9F936D
M,5Y64,5Y,6,4,162,147,97,#A29361
M,5Y65,5Y,6,5,165,146,83,#A59253
M,5Y66,5Y,6,6,168,146,69,#A89245
M,5Y70,5Y,7,0,173,173,173,#ADADAD
M,5Y71,5Y,7,1,178,173,160,#B2ADA0
M,5Y72,5Y,7,2,182,173,146,#B6AD92
M,5Y73,5Y,7,3,185,173,133,#B9AD85
M,5Y74,5Y,7,4,188,173,120,#BCAD78
M,5Y76,5Y,7,6,194,173,94,#C2AD5E
M,5Y78,5Y,7,8,199,172,65,#C7AC41
M,5Y81,5Y,8,1,204,200,185,#CCC8B9
M,5Y82,5Y,8,2,208,200,171,#D0C8AB
M,5Y83,5Y,8,3,211,200,158,#D3C89E
M,5YR2.5/1,5YR,2.5,1,68,58,53,#443A35
M,5YR2.5/2,5YR,2.5,2,75,56,47,#4B382F
M,5YR21,5YR,2,1,57,47,43,#392F2B
M,5YR22,5YR,2,2,63,45,37,#3F2D25
M,5YR23,5YR,2,3,69,42,30,#452A1E
M,5YR24,5YR,2,4,74,40,23,#4A2817
M,5YR26,5YR,2,6,82,35,3,#522303
M,5YR27,5YR,2,7,87,32,0,#572000
M,5YR31,5YR,3,1,81,69,64,#514540
M,5YR32,5YR,3,2,88,67,56,#584338
M,5YR33,5YR,3,3,94,65,49,#5E4131
M,5YR34,5YR,3,4,99,63,42,#633F2A
M,5YR35,5YR,3,5,104,61,34,#683D22
M,5YR36,5YR,3,6,109,59,25,#6D3B19
M,5YR38,5YR,3,8,116,55,0,#743700
M,5YR41,5YR,4,1,106,94,88,#6A5E58
M,5YR42,5YR,4,2,114,92,80,#725C50
M,5YR43,5YR,4,3,121,89,71,#795947
M,5YR44,5YR,4,4,127,87,63,#7F573F
M,5YR45,5YR,4,5,132,85,55,#845537
M,5YR46,5YR,4,6,136,83,47,#88532F
M,5YR47,5YR,4,7,141,81,38,#8D5126
M,5YR48,5YR,4,8,144,79,27,#904F1B
M,5YR51,5YR,5,1,131,119,113,#837771
M,5YR52,5YR,5,2,138,117,105,#8A7569
M,5YR53,5YR,5,3,146,115,97,#927361
M,5YR54,5YR,5,4,152,113,88,#987158
M,5YR55,5YR,5,5,158,111,79,#9E6F4F
M,5YR56,5YR,5,6,164,109,70,#A46D46
M,5YR57,5YR,5,7,170,107,60,#AA6B3C
M,5YR58,5YR,5,8,174,105,49,#AE6931
M,5YR61,5YR,6,1,157,145,139,#9D918B
M,5YR62,5YR,6,2,165,143,130,#A58F82
M,5YR63,5YR,6,3,172,141,122,#AC8D7A
M,5YR64,5YR,6,4,179,139,113,#B38B71
M,5YR65,5YR,6,5,185,137,104,#B98968
M,5YR66,5YR,6,6,192,135,94,#C0875E
M,5YR67,5YR,6,7,197,133,85,#C58555
M,5YR68,5YR,6,8,202,131,75,#CA834B
M,5YR71,5YR,7,1,183,171,165,#B7ABA5
M,5YR72,5YR,7,2,191,169,156,#BFA99C
M,5YR73,5YR,7,3,199,167,147,#C7A793
M,5YR74,5YR,7,4,206,165,138,#CEA58A
M,5YR76,5YR,7,6,219,161,119,#DBA177
M,5YR78,5YR,7,8,230,157,100,#E69D64
M,5YR81,5YR,8,1,208,198,191,#D0C6BF
M,5YR82,5YR,8,2,217,196,182,#D9C4B6
M,5YR83,5YR,8,3,225,194,173,#E1C2AD
M,5YR85,5YR,8,5,240,190,153,#F0BE99
M,5YR88,5YR,8,8,255,183,122,#FFB77A
M,7.5R21,7.5R,2,1,58,46,46,#3A2E2E
M,7.5R30,7.5R,3,0,72,72,72,#484848
M,7.5R33,7.5R,3,3,98,62,59,#623E3B
M,7.5R34,7.5R,3,4,105,59,55,#693B37
M,7.5R36,7.5R,3,6,116,52,47,#74342F
M,7.5R38,7.5R,3,8,127,42,39,#7F2A27
M,7.5R40,7.5R,4,0,96,96,96,#606060
M,7.5R41,7.5R,4,1,106,93,92,#6A5D5C
M,7.5R42,7.5R,4,2,115,90,88,#735A58
M,7.5R43,7.5R,4,3,123,87,83,#7B5753
M,7.5R44,7.5R,4,4,130,84,79,#82544F
M,7.5R46,7.5R,4,6,143,77,70,#8F4D46
M,7.5R50,7.5R,5,0,121,121,121,#797979
M,7.5R51,7.5R,5,1,130,119,118,#827776
M,7.5R54,7.5R,5,4,156,110,104,#9C6E68
M,7.5R56,7.5R,5,6,170,104,94,#AA685E
M,7.5R61,7.5R,6,1,156,145,143,#9C918F
M,7.5Y71,7.5Y,7,1,176,174,159,#B0AE9F
M,7.5Y81,7.5Y,8,1,203,200,185,#CBC8B9
M,7.5YR2.5/1,7.5YR,2.5,1,67,58,52,#433A34
M,7.5YR2.5/2,7.5YR,2.5,2,73,57,45,#49392D
M,7.5YR2.5/3,7.5YR,2.5,3,78,55,37,#4E3725
M,7.5YR20,7.5YR,2,0,49,49,49,#313131
M,7.5YR21,7.5YR,2,1,56,47,42,#382F2A
M,7.5YR22,7.5YR,2,2,62,45,35,#3E2D23
M,7.5YR23,7.5YR,2,3,67,44,27,#432C1B
M,7.5YR24,7.5YR,2,4,71,42,18,#472A12
M,7.5YR25,7.5YR,2,5,75,40,5,#4B2805
M,7.5YR28,7.5YR,2,8,84,36,0,#542400
M,7.5YR30,7.5YR,3,0,72,72,72,#484848
M,7.5YR31,7.5YR,3,1,80,70,63,#50463F
M,7.5YR32,7.5YR,3,2,87,68,55,#574437
M,7.5YR33,7.5YR,3,3,92,66,46,#5C422E
M,7.5YR34,7.5YR,3,4,96,65,38,#604126
M,7.5YR35,7.5YR,3,5,101,63,29,#653F1D
M,7.5YR36,7.5YR,3,6,104,62,17,#683E11
M,7.5YR37,7.5YR,3,7,107,60,2,#6B3C02
M,7.5YR38,7.5YR,3,8,110,59,0,#6E3B00
M,7.5YR40,7.5YR,4,0,96,96,96,#606060
M,7.5YR41,7.5YR,4,1,105,94,87,#695E57
M,7.5YR42,7.5YR,4,2,112,92,77,#705C4D
M,7.5YR43,7.5YR,4,3,119,90,68,#775A44
M,7.5YR44,7.5YR,4,4,124,89,58,#7C593A
M,7.5YR45,7.5YR,4,5,129,87,49,#815731
M,7.5YR46,7.5YR,4,6,132,86,40,#845628
M,7.5YR47,7.5YR,4,7,136,84,29,#88541D
M,7.5YR48,7.5YR,4,8,139,83,15,#8B530F
M,7.5YR50,7.5YR,5,0,121,121,121,#797979
M,7.5YR51,7.5YR,5,1,130,120,112,#827870
M,7.5YR52,7.5YR,5,2,137,118,103,#897667
M,7.5YR53,7.5YR,5,3,144,116,94,#90745E
M,7.5YR54,7.5YR,5,4,150,115,84,#967354
M,7.5YR55,7.5YR,5,5,156,113,73,#9C7149
M,7.5YR56,7.5YR,5,6,161,111,63,#A16F3F
M,7.5YR57,7.5YR,5,7,165,109,51,#A56D33
M,7.5YR58,7.5YR,5,8,169,108,39,#A96C27
M,7.5YR60,7.5YR,6,0,147,147,147,#939393
M,7.5YR61,7.5YR,6,1,156,146,137,#9C9289
M,7.5YR62,7.5YR,6,2,164,144,128,#A49080
M,7.5YR63,7.5YR,6,3,170,142,118,#AA8E76
M,7.5YR64,7.5YR,6,4,177,141,109,#B18D6D
M,7.5YR65,7.5YR,6,5,182,139,98,#B68B62
M,7.5YR66,7.5YR,6,6,188,137,88,#BC8958
M,7.5YR67,7.5YR,6,7,193,136,77,#C1884D
M,7.5YR68,7.5YR,6,8,197,134,65,#C58641
M,7.5YR70,7.5YR,7,0,173,173,173,#ADADAD
M,7.5YR71,7.5YR,7,1,182,172,163,#B6ACA3
M,7.5YR72,7.5YR,7,2,190,170,153,#BEAA99
M,7.5YR73,7.5YR,7,3,197,168,143,#C5A88F
M,7.5YR74,7.5YR,7,4,203,167,133,#CBA785
M,7.5YR75,7.5YR,7,5,210,165,123,#D2A57B
M,7.5YR76,7.5YR,7,6,215,164,112,#D7A470
M,7.5YR77,7.5YR,7,7,220,162,101,#DCA265
M,7.5YR78,7.5YR,7,8,225,161,90,#E1A15A
M,7.5YR80,7.5YR,8,0,200,200,200,#C8C8C8
M,7.5YR81,7.5YR,8,1,208,198,189,#D0C6BD
M,7.5YR82,7.5YR,8,2,216,197,179,#D8C5B3
M,7.5YR83,7.5YR,8,3,223,195,168,#DFC3A8
M,7.5YR84,7.5YR,8,4,230,194,158,#E6C29E
M,7.5YR85,7.5YR,8,5,236,192,147,#ECC093
M,7.5YR86,7.5YR,8,6,243,190,137,#F3BE89
M,7.5YR88,7.5YR,8,8,254,187,113,#FEBB71
M,N2.5/0,N,2.5,0,60,60,60,#3C3C3C
M,N20,N,2,0,49,49,49,#313131
M,N30,N,3,0,72,72,72,#484848
M,N40,N,4,0,96,96,96,#606060
M,N50,N,5,0,121,121,121,#797979
M,N60,N,6,0,147,147,147,#939393
M,N70,N,7,0,173,173,173,#ADADAD
M,N80,N,8,0,200,200,200,#C8C8C8
J,10BG41,10BG,4,1,87,98,99,#576263
J,10BG51,10BG,5,1,112,124,125,#707C7D
J,10BG61,10BG,6,1,137,150,150,#899696
J,10BG71,10BG,7,1,163,176,176,#A3B0B0
J,10G41,10G,4,1,87,99,95,#57635F
J,10G51,10G,5,1,112,124,120,#707C78
J,10G61,10G,6,1,137,150,146,#899692
J,10G71,10G,7,1,162,177,172,#A2B1AC
J,10GY31,10GY,3,1,67,73,67,#434943
J,10GY41,10GY,4,1,91,98,90,#5B625A
J,10GY51,10GY,5,1,116,124,115,#747C73
J,10GY61,10GY,6,1,140,150,140,#8C968C
J,10GY71,10GY,7,1,166,176,165,#A6B0A5
J,10GY81,10GY,8,1,192,203,191,#C0CBBF
J,10R21,10R,2,1,58,46,45,#3A2E2D
J,10R22,10R,2,2,65,43,41,#412B29
J,10R23,10R,2,3,71,41,37,#472925
J,10R31,10R,3,1,82,69,66,#524542
J,10R32,10R,3,2,90,66,61,#5A423D
J,10R33,10R,3,3,97,63,56,#613F38
J,10R34,10R,3,4,104,60,51,#683C33
J,10R35,10R,3,5,110,56,46,#6E382E
J,10R36,10R,3,6,115,53,41,#733529
J,10R41,10R,4,1,106,93,91,#6A5D5B
J,10R42,10R,4,2,115,91,85,#735B55
J,10R43,10R,4,3,123,88,79,#7B584F
J,10R44,10R,4,4,130,85,74,#82554A
J,10R46,10R,4,6,142,79,62,#8E4F3E
J,10R48,10R,4,8,154,72,50,#9A4832
J,10R51,10R,5,1,131,119,116,#837774
J,10R52,10R,5,2,139,117,111,#8B756F
J,10R53,10R,5,3,147,114,105,#937269
J,10R54,10R,5,4,155,111,98,#9B6F62
J,10R56,10R,5,6,170,105,86,#AA6956
J,10R58,10R,5,8,182,98,72,#B66248
J,10R62,10R,6,2,165,142,136,#A58E88
J,10R66,10R,6,6,196,132,111,#C4846F
J,10Y21,10Y,2,1,50,49,41,#323129
J,10Y31,10Y,3,1,73,72,62,#49483E
J,10Y32,10Y,3,2,74,73,52,#4A4934
J,10Y41,10Y,4,1,97,97,85,#616155
J,10Y42,10Y,4,2,98,97,73,#626149
J,10Y51,10Y,5,1,123,122,110,#7B7A6E
J,10Y52,10Y,5,2,124,123,98,#7C7B62
J,10Y61,10Y,6,1,149,148,134,#959486
J,10Y62,10Y,6,2,150,149,121,#969579
J,10Y71,10Y,7,1,175,174,159,#AFAE9F
J,10Y72,10Y,7,2,177,175,146,#B1AF92
J,10Y81,10Y,8,1,202,201,184,#CAC9B8
J,10Y82,10Y,8,2,203,202,170,#CBCAAA
J,10YR1.7/1,10YR,1.7,1,49,41,34,#312922
J,10YR11,10YR,1,1,35,27,20,#231B14
J,10YR21,10YR,2,1,55,48,41,#373029
J,10YR22,10YR,2,2,60,46,33,#3C2E21
J,10YR23,10YR,2,3,64,45,24,#402D18
J,10YR31,10YR,3,1,79,70,62,#4F463E
J,10YR32,10YR,3,2,84,69,53,#544535
J,10YR33,10YR,3,3,89,68,44,#59442C
J,10YR34,10YR,3,4,93,67,34,#5D4322
J,10YR35,10YR,3,5,96,65,23,#604117
J,10YR36,10YR,3,6,99,64,8,#634008
J,10YR41,10YR,4,1,104,95,85,#685F55
J,10YR42,10YR,4,2,110,93,75,#6E5D4B
J,10YR43,10YR,4,3,115,92,64,#735C40
J,10YR44,10YR,4,4,120,91,54,#785B36
J,10YR45,10YR,4,5,124,90,44,#7C5A2C
J,10YR46,10YR,4,6,127,89,33,#7F5921
J,10YR51,10YR,5,1,129,120,111,#81786F
J,10YR52,10YR,5,2,135,119,100,#877764
J,10YR53,10YR,5,3,141,118,90,#8D765A
J,10YR54,10YR,5,4,146,116,79,#92744F
J,10YR55,10YR,5,5,151,115,67,#977343
J,10YR56,10YR,5,6,155,114,55,#9B7237
J,10YR57,10YR,5,6,155,114,55,#9B7237
J,10YR58,10YR,5,8,162,112,28,#A2701C
J,10YR61,10YR,6,1,155,146,136,#9B9288
J,10YR62,10YR,6,2,161,145,125,#A1917D
J,10YR63,10YR,6,3,167,144,114,#A79072
J,10YR64,10YR,6,4,172,143,103,#AC8F67
J,10YR65,10YR,6,5,178,141,92,#B28D5C
J,10YR66,10YR,6,6,182,140,80,#B68C50
J,10YR67,10YR,6,7,186,139,68,#BA8B44
J,10YR68,10YR,6,8,190,138,54,#BE8A36
J,10YR71,10YR,7,1,181,172,162,#B5ACA2
J,10YR72,10YR,7,2,188,171,150,#BCAB96
J,10YR73,10YR,7,3,194,170,139,#C2AA8B
J,10YR74,10YR,7,4,199,169,127,#C7A97F
J,10YR75,10YR,7,5,204,168,116,#CCA874
J,10YR76,10YR,7,6,209,167,104,#D1A768
J,10YR78,10YR,7,8,217,164,80,#D9A450
J,10YR81,10YR,8,1,207,199,187,#CFC7BB
J,10YR82,10YR,8,2,214,198,175,#D6C6AF
J,10YR83,10YR,8,3,220,197,164,#DCC5A4
J,10YR84,10YR,8,4,226,196,152,#E2C498
J,10YR86,10YR,8,6,236,193,129,#ECC181
J,10YR88,10YR,8,8,245,191,104,#F5BF68
J,2.5GY21,2.5GY,2,1,48,50,42,#30322A
J,2.5GY31,2.5GY,3,1,71,73,63,#47493F
J,2.5GY41,2.5GY,4,1,95,97,86,#5F6156
J,2.5GY51,2.5GY,5,1,121,123,110,#797B6E
J,2.5GY61,2.5GY,6,1,147,149,135,#939587
J,2.5GY71,2.5GY,7,1,173,175,160,#ADAFA0
J,2.5GY81,2.5GY,8,1,200,201,185,#C8C9B9
J,2.5Y21,2.5Y,2,1,54,48,40,#363028
J,2.5Y31,2.5Y,3,1,77,71,62,#4D473E
J,2.5Y32,2.5Y,3,2,81,70,52,#514634
J,2.5Y33,2.5Y,3,3,85,69,42,#55452A
J,2.5Y34,2.5Y,3,4,89,69,31,#59451F
J,2.5Y36,2.5Y,3,6,94,67,1,#5E4301
J,2.5Y41,2.5Y,4,1,102,95,85,#665F55
J,2.5Y42,2.5Y,4,2,107,94,73,#6B5E49
J,2.5Y43,2.5Y,4,3,112,94,62,#705E3E
J,2.5Y44,2.5Y,4,4,115,93,51,#735D33
J,2.5Y46,2.5Y,4,6,121,92,27,#795C1B
J,2.5Y51,2.5Y,5,1,128,121,110,#80796E
J,2.5Y52,2.5Y,5,2,133,120,99,#857863
J,2.5Y53,2.5Y,5,3,137,119,87,#897757
J,2.5Y54,2.5Y,5,4,142,118,75,#8E764B
J,2.5Y55,2.5Y,5,5,146,118,62,#92763E
J,2.5Y56,2.5Y,5,6,149,117,48,#957530
J,2.5Y61,2.5Y,6,1,153,147,135,#999387
J,2.5Y62,2.5Y,6,2,159,146,123,#9F927B
J,2.5Y63,2.5Y,6,3,163,145,111,#A3916F
J,2.5Y64,2.5Y,6,4,168,145,99,#A89163
J,2.5Y65,2.5Y,6,5,172,144,87,#AC9057
J,2.5Y66,2.5Y,6,6,176,143,74,#B08F4A
J,2.5Y68,2.5Y,6,8,182,142,45,#B68E2D
J,2.5Y71,2.5Y,7,1,179,173,160,#B3ADA0
J,2.5Y72,2.5Y,7,2,185,172,147,#B9AC93
J,2.5Y73,2.5Y,7,3,190,172,135,#BEAC87
J,2.5Y74,2.5Y,7,4,195,171,124,#C3AB7C
J,2.5Y75,2.5Y,7,5,199,170,111,#C7AA6F
J,2.5Y76,2.5Y,7,6,203,169,99,#CBA963
J,2.5Y78,2.5Y,7,8,209,168,72,#D1A848
J,2.5Y81,2.5Y,8,1,206,199,186,#CEC7BA
J,2.5Y82,2.5Y,8,2,211,199,172,#D3C7AC
J,2.5Y83,2.5Y,8,3,216,198,160,#D8C6A0
J,2.5Y84,2.5Y,8,4,221,198,148,#DDC694
J,2.5Y86,2.5Y,8,6,229,196,123,#E5C47B
J,2.5Y88,2.5Y,8,8,237,195,97,#EDC361
J,2.5YR11,2.5YR,1,1,37,25,24,#251918
J,2.5YR21,2.5YR,2,1,57,46,44,#392E2C
J,2.5YR22,2.5YR,2,2,64,44,39,#402C27
J,2.5YR23,2.5YR,2,3,71,41,34,#472922
J,2.5YR24,2.5YR,2,4,76,38,29,#4C261D
J,2.5YR31,2.5YR,3,1,81,69,65,#514541
J,2.5YR32,2.5YR,3,2,89,66,59,#59423B
J,2.5YR33,2.5YR,3,3,96,64,52,#604034
J,2.5YR34,2.5YR,3,4,102,61,46,#663D2E
J,2.5YR35,2.5YR,3,5,108,58,39,#6C3A27
J,2.5YR36,2.5YR,3,6,113,56,32,#713820
J,2.5YR41,2.5YR,4,1,106,93,89,#6A5D59
J,2.5YR42,2.5YR,4,2,114,91,82,#725B52
J,2.5YR43,2.5YR,4,3,122,88,75,#7A584B
J,2.5YR44,2.5YR,4,4,129,86,68,#815644
J,2.5YR45,2.5YR,4,5,135,83,62,#87533E
J,2.5YR46,2.5YR,4,6,140,81,54,#8C5136
J,2.5YR47,2.5YR,4,6,140,81,54,#8C5136
J,2.5YR48,2.5YR,4,8,150,75,38,#964B26
J,2.5YR51,2.5YR,5,1,131,119,115,#837773
J,2.5YR52,2.5YR,5,2,139,117,108,#8B756C
J,2.5YR53,2.5YR,5,3,147,114,101,#937265
J,2.5YR54,2.5YR,5,4,154,112,94,#9A705E
J,2.5YR55,2.5YR,5,5,161,109,86,#A16D56
J,2.5YR56,2.5YR,5,6,167,107,78,#A76B4E
J,2.5YR57,2.5YR,5,6,167,107,78,#A76B4E
J,2.5YR58,2.5YR,5,8,179,101,61,#B3653D
J,2.5YR61,2.5YR,6,1,157,145,140,#9D918C
J,2.5YR62,2.5YR,6,2,166,143,133,#A68F85
J,2.5YR63,2.5YR,6,3,173,140,126,#AD8C7E
J,2.5YR64,2.5YR,6,4,181,138,118,#B58A76
J,2.5YR66,2.5YR,6,6,195,133,103,#C38567
J,2.5YR68,2.5YR,6,8,207,128,87,#CF8057
J,2.5YR71,2.5YR,7,1,183,171,166,#B7ABA6
J,2.5YR72,2.5YR,7,2,191,169,159,#BFA99F
J,2.5YR73,2.5YR,7,3,200,167,152,#C8A798
J,2.5YR74,2.5YR,7,4,208,164,144,#D0A490
J,2.5YR76,2.5YR,7,6,223,159,127,#DF9F7F
J,2.5YR78,2.5YR,7,8,236,154,111,#EC9A6F
J,5B41,5B,4,1,88,98,101,#586265
J,5B51,5B,5,1,113,123,126,#717B7E
J,5B61,5B,6,1,139,149,152,#8B9598
J,5B71,5B,7,1,165,175,178,#A5AFB2
J,5BG41,5BG,4,1,87,98,97,#576261
J,5BG51,5BG,5,1,111,124,123,#6F7C7B
J,5BG61,5BG,6,1,137,150,148,#899694
J,5BG71,5BG,7,1,162,177,174,#A2B1AE
J,5G21,5G,2,1,44,50,47,#2C322F
J,5G31,5G,3,1,65,74,69,#414A45
J,5G41,5G,4,1,88,98,93,#58625D
J,5G51,5G,5,1,113,124,118,#717C76
J,5G61,5G,6,1,138,150,143,#8A968F
J,5G71,5G,7,1,163,177,169,#A3B1A9
J,5GY31,5GY,3,1,70,73,64,#464940
J,5GY41,5GY,4,1,94,97,87,#5E6157
J,5GY51,5GY,5,1,119,123,111,#777B6F
J,5GY61,5GY,6,1,145,149,136,#919588
J,5GY71,5GY,7,1,172,175,161,#ACAFA1
J,5P51,5P,5,1,124,120,127,#7C787F
J,5PB71,5PB,7,1,170,174,179,#AAAEB3
J,5R31,5R,3,1,82,68,68,#524444
J,5R41,5R,4,1,106,93,93,#6A5D5D
J,5R51,5R,5,1,130,119,119,#827777
J,5R71,5R,7,1,182,171,170,#B6ABAA
J,5RP1.7/1,5RP,1.7,1,50,40,45,#32282D
J,5RP41,5RP,4,1,104,93,97,#685D61
J,5RP51,5RP,5,1,128,119,122,#80777A
J,5RP61,5RP,6,1,154,145,148,#9A9194
J,5RP71,5RP,7,1,179,171,174,#B3ABAE
J,5Y11,5Y,1,1,32,28,19,#201C13
J,5Y21,5Y,2,1,52,49,40,#343128
J,5Y22,5Y,2,2,55,48,31,#37301F
J,5Y31,5Y,3,1,75,71,62,#4B473E
J,5Y32,5Y,3,2,79,71,51,#4F4733
J,5Y41,5Y,4,1,100,96,84,#646054
J,5Y42,5Y,4,2,104,96,73,#686049
J,5Y43,5Y,4,3,108,95,61,#6C5F3D
J,5Y44,5Y,4,4,111,95,48,#6F5F30
J,5Y51,5Y,5,1,126,121,109,#7E796D
J,5Y52,5Y,5,2,129,121,97,#817961
J,5Y53,5Y,5,3,133,121,85,#857955
J,5Y54,5Y,5,4,136,121,72,#887948
J,5Y56,5Y,5,6,142,120,44,#8E782C
J,5Y61,5Y,6,1,152,147,134,#989386
J,5Y62,5Y,6,2,155,147,121,#9B9379
J,5Y63,5Y,6,3,159,147,109,#9F936D
J,5Y64,5Y,6,4,162,147,97,#A29361
J,5Y66,5Y,6,6,168,146,69,#A89245
J,5Y71,5Y,7,1,178,173,160,#B2ADA0
J,5Y72,5Y,7,2,182,173,146,#B6AD92
J,5Y73,5Y,7,3,185,173,133,#B9AD85
J,5Y74,5Y,7,4,188,173,120,#BCAD78
J,5Y76,5Y,7,6,194,173,94,#C2AD5E
J,5Y81,5Y,8,1,204,200,185,#CCC8B9
J,5Y82,5Y,8,2,208,200,171,#D0C8AB
J,5Y83,5Y,8,3,211,200,158,#D3C89E
J,5Y84,5Y,8,4,214,200,145,#D6C891
J,5Y86,5Y,8,6,220,200,118,#DCC876
J,5YR11,5YR,1,1,37,26,22,#251A16
J,5YR21,5YR,2,1,57,47,43,#392F2B
J,5YR22,5YR,2,2,63,45,37,#3F2D25
J,5YR23,5YR,2,3,69,42,30,#452A1E
J,5YR24,5YR,2,4,74,40,23,#4A2817
J,5YR31,5YR,3,1,81,69,64,#514540
J,5YR32,5YR,3,2,88,67,56,#584338
J,5YR33,5YR,3,3,94,65,49,#5E4131
J,5YR34,5YR,3,4,99,63,42,#633F2A
J,5YR35,5YR,3,5,104,61,34,#683D22
J,5YR36,5YR,3,6,109,59,25,#6D3B19
J,5YR41,5YR,4,1,106,94,88,#6A5E58
J,5YR42,5YR,4,2,114,92,80,#725C50
J,5YR43,5YR,4,3,121,89,71,#795947
J,5YR44,5YR,4,4,127,87,63,#7F573F
J,5YR45,5YR,4,5,132,85,55,#845537
J,5YR46,5YR,4,6,136,83,47,#88532F
J,5YR47,5YR,4,6,136,83,47,#88532F
J,5YR48,5YR,4,8,144,79,27,#904F1B
J,5YR51,5YR,5,1,131,119,113,#837771
J,5YR52,5YR,5,2,138,117,105,#8A7569
J,5YR53,5YR,5,3,146,115,97,#927361
J,5YR54,5YR,5,4,152,113,88,#987158
J,5YR55,5YR,5,5,158,111,79,#9E6F4F
J,5YR56,5YR,5,6,164,109,70,#A46D46
J,5YR57,5YR,5,6,164,109,70,#A46D46
J,5YR58,5YR,5,8,174,105,49,#AE6931
J,5YR61,5YR,6,1,157,145,139,#9D918B
J,5YR62,5YR,6,2,165,143,130,#A58F82
J,5YR63,5YR,6,3,172,141,122,#AC8D7A
J,5YR64,5YR,6,4,179,139,113,#B38B71
J,5YR66,5YR,6,6,192,135,94,#C0875E
J,5YR68,5YR,6,8,202,131,75,#CA834B
J,5YR71,5YR,7,1,183,171,165,#B7ABA5
J,5YR72,5YR,7,2,191,169,156,#BFA99C
J,5YR73,5YR,7,3,199,167,147,#C7A793
J,5YR74,5YR,7,4,206,165,138,#CEA58A
J,5YR76,5YR,7,6,219,161,119,#DBA177
J,5YR78,5YR,7,8,230,157,100,#E69D64
J,5YR81,5YR,8,1,208,198,191,#D0C6BF
J,5YR82,5YR,8,2,217,196,182,#D9C4B6
J,5YR83,5YR,8,3,225,194,173,#E1C2AD
J,7.5GY21,7.5GY,2,1,46,50,45,#2E322D
J,7.5GY31,7.5GY,3,1,68,73,66,#444942
J,7.5GY41,7.5GY,4,1,92,98,89,#5C6259
J,7.5GY51,7.5GY,5,1,117,124,113,#757C71
J,7.5GY61,7.5GY,6,1,142,150,138,#8E968A
J,7.5GY71,7.5GY,7,1,169,176,163,#A9B0A3
J,7.5GY81,7.5GY,8,1,195,202,188,#C3CABC
J,7.5R1.7/1,7.5R,1.7,1,52,39,40,#342728
J,7.5R21,7.5R,2,1,58,46,46,#3A2E2E
J,7.5R22,7.5R,2,2,65,43,43,#412B2B
J,7.5R23,7.5R,2,3,72,40,41,#482829
J,7.5R34,7.5R,3,4,105,59,55,#693B37
J,7.5R35,7.5R,3,5,111,56,51,#6F3833
J,7.5R36,7.5R,3,6,116,52,47,#74342F
J,7.5R42,7.5R,4,2,115,90,88,#735A58
J,7.5R43,7.5R,4,3,123,87,83,#7B5753
J,7.5R44,7.5R,4,4,130,84,79,#82544F
J,7.5R46,7.5R,4,6,143,77,70,#8F4D46
J,7.5R48,7.5R,4,8,155,69,61,#9B453D
J,7.5R53,7.5R,5,3,147,114,109,#93726D
J,7.5R62,7.5R,6,2,165,142,139,#A58E8B
J,7.5Y21,7.5Y,2,1,51,49,41,#333129
J,7.5Y22,7.5Y,2,2,53,49,32,#353120
J,7.5Y31,7.5Y,3,1,74,72,62,#4A483E
J,7.5Y32,7.5Y,3,2,76,72,52,#4C4834
J,7.5Y41,7.5Y,4,1,99,96,84,#636054
J,7.5Y42,7.5Y,4,2,101,96,73,#656049
J,7.5Y43,7.5Y,4,3,104,97,60,#68613C
J,7.5Y51,7.5Y,5,1,124,122,109,#7C7A6D
J,7.5Y52,7.5Y,5,2,127,122,97,#7F7A61
J,7.5Y53,7.5Y,5,3,129,122,84,#817A54
J,7.5Y61,7.5Y,6,1,150,148,134,#969486
J,7.5Y62,7.5Y,6,2,153,148,121,#999479
J,7.5Y63,7.5Y,6,3,155,148,108,#9B946C
J,7.5Y71,7.5Y,7,1,176,174,159,#B0AE9F
J,7.5Y72,7.5Y,7,2,179,174,146,#B3AE92
J,7.5Y73,7.5Y,7,3,182,175,133,#B6AF85
J,7.5Y81,7.5Y,8,1,203,200,185,#CBC8B9
J,7.5Y82,7.5Y,8,2,206,201,170,#CEC9AA
J,7.5YR1.7/1,7.5YR,1.7,1,50,41,35,#322923
J,7.5YR11,7.5YR,1,1,36,26,21,#241A15
J,7.5YR21,7.5YR,2,1,56,47,42,#382F2A
J,7.5YR22,7.5YR,2,2,62,45,35,#3E2D23
J,7.5YR23,7.5YR,2,3,67,44,27,#432C1B
J,7.5YR31,7.5YR,3,1,80,70,63,#50463F
J,7.5YR32,7.5YR,3,2,87,68,55,#574437
J,7.5YR33,7.5YR,3,3,92,66,46,#5C422E
J,7.5YR34,7.5YR,3,4,96,65,38,#604126
J,7.5YR35,7.5YR,3,5,101,63,29,#653F1D
J,7.5YR36,7.5YR,3,6,104,62,17,#683E11
J,7.5YR41,7.5YR,4,1,105,94,87,#695E57
J,7.5YR42,7.5YR,4,2,112,92,77,#705C4D
J,7.5YR43,7.5YR,4,3,119,90,68,#775A44
J,7.5YR44,7.5YR,4,4,124,89,58,#7C593A
J,7.5YR45,7.5YR,4,5,129,87,49,#815731
J,7.5YR46,7.5YR,4,6,132,86,40,#845628
J,7.5YR47,7.5YR,4,7,136,84,29,#88541D
J,7.5YR51,7.5YR,5,1,130,120,112,#827870
J,7.5YR52,7.5YR,5,2,137,118,103,#897667
J,7.5YR53,7.5YR,5,3,144,116,94,#90745E
J,7.5YR54,7.5YR,5,4,150,115,84,#967354
J,7.5YR55,7.5YR,5,5,156,113,73,#9C7149
J,7.5YR56,7.5YR,5,6,161,111,63,#A16F3F
J,7.5YR57,7.5YR,5,6,161,111,63,#A16F3F
J,7.5YR58,7.5YR,5,8,169,108,39,#A96C27
J,7.5YR61,7.5YR,6,1,156,146,137,#9C9289
J,7.5YR62,7.5YR,6,2,164,144,128,#A49080
J,7.5YR63,7.5YR,6,3,170,142,118,#AA8E76
J,7.5YR64,7.5YR,6,4,177,141,109,#B18D6D
J,7.5YR65,7.5YR,6,5,182,139,98,#B68B62
J,7.5YR66,7.5YR,6,6,188,137,88,#BC8958
J,7.5YR67,7.5YR,6,6,188,137,88,#BC8958
J,7.5YR68,7.5YR,6,8,197,134,65,#C58641
J,7.5YR71,7.5YR,7,1,182,172,163,#B6ACA3
J,7.5YR72,7.5YR,7,2,190,170,153,#BEAA99
J,7.5YR73,7.5YR,7,3,197,168,143,#C5A88F
J,7.5YR74,7.5YR,7,4,203,167,133,#CBA785
J,7.5YR76,7.5YR,7,6,215,164,112,#D7A470
J,7.5YR78,7.5YR,7,8,225,161,90,#E1A15A
J,7.5YR81,7.5YR,8,1,208,198,189,#D0C6BD
J,7.5YR82,7.5YR,8,2,216,197,179,#D8C5B3
J,7.5YR83,7.5YR,8,3,223,195,168,#DFC3A8
J,7.5YR84,7.5YR,8,4,230,194,158,#E6C29E
J,7.5YR86,7.5YR,8,6,243,190,137,#F3BE89
J,N20,N,2,0,49,49,49,#313131
J,N30,N,3,0,72,72,72,#484848
J,N40,N,4,0,96,96,96,#606060
J,N50,N,5,0,121,121,121,#797979
J,N60,N,6,0,147,147,147,#939393
J,N70,N,7,0,173,173,173,#ADADAD
J,N80,N,8,0,200,200,200,#C8C8C8
