PROJECT_CODE,SITE_ID,OBS_NO,HORIZON_NO,SAMPLE_NO,TEXTURE,2Z2_CS,2Z2_Clay,2Z2_FS,2Z2_Silt,PSA_TOTAL,N_COMP
AGW,483,1,2,32,NA,71,4,61,35,171,4
CBW,281,1,1,1,LS,14,5,71,71,161,4
CBW,281,1,2,2,LS,14,4,71,71,160,4
CBW,282,1,1,1,LS,16,4,70,70,160,4
CBW,282,1,2,2,LS,16,7,67,67,157,4
CBW,283,1,1,1,FSL,12,7,68,68,155,4
CBW,266,1,1,1,LFSY,10,19,62,62,153,4
CBW,281,1,3,3,SL,11,16,62,62,151,4
CBW,282,1,3,3,SL,14,15,61,61,151,4
MCL,9052,1,1,31,LC+,7,40,26,78,151,4
CBW,287,1,1,1,SL,24,8,59,59,150,4
CBW,283,1,2,2,LFSY,12,15,61,61,149,4
CBW,266,1,1,2,LFSY,10,19,59,59,147,4
MON,6094,1,1,2,SCL,12,21,57,57,147,4
CBW,285,1,1,1,FSL,19,13,57,57,146,4
CBW,278,1,1,1,SL,28,9,54,54,145,4
CBW,281,1,5,5,SCL,11,22,56,56,145,4
CBW,287,1,2,2,SL,22,11,56,56,145,4
MON,6094,1,3,3,CLFS,10,29,53,53,145,4
CBW,281,1,4,4,SCL,10,24,55,55,144,4
CBW,275,1,1,2,LS,34,5,52,52,143,4
CBW,278,1,2,2,SL,27,14,51,51,143,4
CBW,279,1,1,1,LFSY,20,19,52,52,143,4
CBW,282,1,4,4,SCL-,11,30,51,51,143,4
CBW,282,1,5,5,SCL,11,28,52,52,143,4
CBW,268,1,1,1,LS,28,8,53,53,142,4
CBW,275,1,1,1,LS,36,6,50,50,142,4
CBW,277,1,1,2,LS,35,3,52,52,142,4
MON,6093,1,3,3,FSLMC,0,24,59,59,142,4
CBW,285,1,2,2,FSCL,16,15,55,55,141,4
RAV,6024,1,4,6,LMC,1,61,18,61,141,4
CBW,268,1,1,2,LS,27,9,52,52,140,4
CBW,278,1,4,3,SCL-,26,22,46,46,140,4
CBW,279,1,2,2,LFSY,20,24,48,48,140,4
CQH,1018,1,1,2,KSL,56.7,60.1,22.5,0.67,139.97,4
CBW,276,1,2,2,CLS,24,15,50,50,139,4
CBW,266,1,3,3,CLFS,9,33,48,48,138,4
CBW,267,1,2,2,CLFS,10,24,52,52,138,4
CBW,277,1,3,3,SCL,33,9,48,48,138,4
MON,6094,1,4,4,FSLC,10,36,46,46,138,4
BSS,3,1,3,4,FSC,16,40,34,46,136,4
CBW,277,1,1,1,LS,40,4,46,46,136,4
CBW,276,1,1,1,L,32,11,46,46,135,4
CBW,280,1,1,2,LS,34,6,47,47,134,4
CBW,274,1,2,2,SCL-,31,14,44,44,133,4
MON,6089,1,2,3,SCL,30,23,40,40,133,4
CBW,269,1,1,1,SL,33,19,40,40,132,4
CBW,275,1,3,3,SCL,32,16,42,42,132,4
MON,6089,1,1,2,SCLFS-,30,26,38,38,132,4
PLS,2,1,1,31,SCL-,31,46,40,15,132,4
CBW,265,1,1,1,SL,39,12,40,40,131,4
CBW,268,1,3,3,SCL-,26,21,42,42,131,4
MON,6094,1,5,5,FSLC,8,43,40,40,131,4
CBW,266,1,5,4,LC,9,41,40,40,130,4
CBW,278,1,4,4,SCL-,24,30,38,38,130,4
CBW,265,1,1,3,SL,35,10,42,42,129,4
CBW,266,1,5,5,LC,8,39,41,41,129,4
CBW,269,1,2,2,SCL,29,22,39,39,129,4
CBW,275,1,3,4,SCL,34,17,39,39,129,4
CBW,277,1,4,4,CLS,27,32,35,35,129,4
CBW,275,1,5,5,CLS,32,20,38,38,128,4
MON,6093,1,4,4,LMC,0,38,45,45,128,4
CBW,263,1,1,3,CLS,30,21,38,38,127,4
CBW,279,1,4,3,CL+,14,41,36,36,127,4
MON,6093,1,4,5,LMC,2,43,41,41,127,4
CBW,279,1,5,4,LC,15,45,33,33,126,4
CBW,264,1,1,3,LS,51,6,34,34,125,4
CBW,268,1,4,4,SCL,19,32,37,37,125,4
CBW,274,1,1,1,SCL-,37,12,38,38,125,4
CBW,263,1,1,1,CLS,37,15,36,36,124,4
CBW,263,1,3,5,LC,27,33,32,32,124,4
CBW,264,1,1,1,LS,56,6,31,31,124,4
CBW,267,1,5,3,LMC,7,39,39,39,124,4
CBW,280,1,3,3,SCL,25,29,35,35,124,4
CBW,287,1,4,3,LC,17,37,35,35,124,4
MON,6096,1,1,2,LC,11,41,36,36,124,4
CBW,268,1,6,5,LC,17,38,34,34,123,4
CBW,276,1,4,3,LC,17,46,30,30,123,4
CBW,285,1,5,3,LC,10,47,33,33,123,4
P2REEF,504,1,4,5,ZLC,0.5,39,41,42,122.5,4
P2REEF,504,1,5,7,ZLMC,0.5,41,39,42,122.5,4
CBW,269,1,2,3,SCL,27,35,30,30,122,4
CBW,269,1,3,4,CLS,25,39,29,29,122,4
P2REEF,500,1,1,3,ZCL,6,17,58,41,122,4
P2REEF,504,1,5,6,ZLMC,0.5,40,37,44,121.5,4
CBW,269,1,3,5,CLS,25,36,30,30,121,4
CBW,278,1,5,5,SCL,22,45,27,27,121,4
MON,6093,1,1,2,CLFS,2,29,45,45,121,4
P2REEF,504,1,2,4,ZCL+,1,41,32,47,121,4
P2REEF,519,1,3,4,ZLC,18,39,35,29,121,4
CBW,277,1,4,5,CLS,22,42,28,28,120,4
IBE,6003,1,3,33,NA,21,68,7,24,120,4
MON,6089,1,5,5,LMC,23,41,28,28,120,4
MON,6096,1,2,3,LC,9,53,29,29,120,4
SWRES,32,1,4,7,NA,1.9000000000000001,90.5,26.5,0.67,119.57,4
CBW,265,1,4,5,LC,25,40,27,27,119,4
CBW,274,1,4,3,CLS,21,40,29,29,119,4
CBW,274,1,5,4,CLS,20,45,27,27,119,4
CBW,274,1,5,5,CLS,23,40,28,28,119,4
MCL,9035,1,4,42,KSL,64,31,21,3,119,4
MON,6089,1,4,4,MC,19,50,25,25,119,4
P2REEF,515,1,5,7,FSL,26,28,46,19,119,4
CBW,264,1,4,5,CLS,44,22,26,26,118,4
CBW,285,1,5,4,LC,8,54,28,28,118,4
CBW,263,1,3,7,LC,26,37,27,27,117,4
CBW,263,1,3,9,LC,25,40,26,26,117,4
CBW,265,1,4,9,LC,19,50,24,24,117,4
CBW,267,1,5,4,LMC,6,47,32,32,117,4
P2REEF,519,1,1,3,ZCL,40,28,19,30,117,4
MON,6092,1,3,4,MC,4,50,31,31,116,4
P2REEF,519,1,3,5,ZLC,0.5,41,46,28,115.5,4
UBV,38,1,1,1,ZL,6.7,15,49.300000000000004,44.2,115.2,4
P2REEF,504,1,1,3,ZCL,14,36,19,46,115,4
P2REEF,516,1,6,8,ZLMC,2,40,33,40,115,4
ATD,13,1,6,42,NA,6,53,28,27,114,4
CBW,265,1,4,7,LC,19,49,23,23,114,4
EIR,9000,1,5,42,MC,37,39,28,10,114,4
LOC,6019,1,5,46,ZC,2,39,37,36,114,4
LOV,57,1,4,36,NA,4,26,59,25,114,4
P2REEF,501,1,2,5,FSCL,12,34,49,19,114,4
PLS,26,1,1,31,KS,59,1,34,20,114,4
P2REEF,504,1,5,8,ZLMC,0.5,35,39,39,113.5,4
WCS,6006,1,3,6,MHC,7.7,43.9,32.9,28.724,113.224,4
ARS,6000,1,4,33,MC+,3,34,38,38,113,4
ATD,13,1,1,31,MC,8,42,31,32,113,4
BSS,2,1,6,7,MC,20,63,20,10,113,4
CBW,276,1,5,4,NA,13,52,24,24,113,4
LOC,6019,1,6,45,LMCS,2,51,20,40,113,4
LOV,49,1,4,36,NA,18,18,44,33,113,4
LOV,57,1,3,33,NA,6,8,68,31,113,4
P2REEF,505,1,3,6,ZCL,7,30,47,29,113,4
PLS,26,1,2,33,LMC,31,8,48,26,113,4
SCSLA,273,1,4,4,MHC,20,58,13,22,113,4
WAN,6,1,4,39,HC,4,59,24,26,113,4
WTC,9089,1,1,31,LFSY,24,7,30,52,113,4
LIA,15,1,1,2,LC,8.700000000000001,30.3,22.5,50.800000000000004,112.30000000000001,4
ABC,162,1,1,31,LC,9,34,35,34,112,4
ABC,162,1,3,33,LC,6,40,38,28,112,4
ABC,230,1,2,36,LC,10,56,24,22,112,4
ABC,398,1,6,42,MHC,13,49,34,16,112,4
ATA,16,1,3,33,ZC,6,54,15,37,112,4
ATD,13,1,5,39,NA,4,56,25,27,112,4
CBW,285,1,5,5,LC,8,56,24,24,112,4
CCL,757,1,1,2,ZCL,4,26,40,42,112,4
CWA,274,1,4,4,SCL,43,12,49,8,112,4
HTN,9006,1,6,7,FSC,11,39,31,31,112,4
MON,6091,1,2,3,MC,21,43,24,24,112,4
MON,6091,1,3,4,MC,17,49,23,23,112,4
P2REEF,513,1,1,3,ZCL,2,12,62,36,112,4
P2REEF,518,1,3,5,SCL,15,29,49,19,112,4
RTC,2,1,2,39,MC,9,86,10,7,112,4
WAN,6,1,4,42,HC,6,55,20,31,112,4
GULLY,2,1,2,3,NA,0.5,40.5,46.6,23.7,111.3,4
BSS,2,1,5,6,MC,20,65,20,6,111,4
CCL,757,1,2,3,ZLC,3,31,41,36,111,4
CTI,6030,1,1,31,CL,17,49,24,21,111,4
FLN,18,1,3,33,LMC,17,46,17,31,111,4
INK,9004,1,3,33,MC,2,65,12,32,111,4
P2REEF,501,1,1,3,CLFS,14,25,49,23,111,4
P2REEF,505,1,2,4,ZCL,4,27,62,18,111,4
P2REEF,506,1,5,4,LC,5,39,36,31,111,4
P2REEF,515,1,3,5,CLFS,11,30,51,19,111,4
WTC,9006,1,2,33,ZCL,8,21,46,36,111,4
WTC,9020,1,1,33,ZCL,4,27,58,22,111,4
WTC,9064,1,1,31,LFSY,13,17,48,33,111,4
BVL,868,1,3,4,SC,36.2,42.6,31.1,0.67,110.57000000000001,4
LIA,15,1,3,4,MC,2,65.4,19.3,23.8,110.5,4
GULLY,7,1,2,15,NA,4.4,44.800000000000004,28.2,33,110.4,4
UBV,28,1,1,1,SCLA,31.400000000000002,18.3,36.1,24.3,110.10000000000001,4
ABC,153,1,2,33,CL,48,16,26,20,110,4
ABC,235,1,3,33,LMC,18,49,24,19,110,4
ASB,12,1,4,36,NA,16,67,16,11,110,4
ATD,13,1,4,36,NA,4,56,23,27,110,4
ATD,14,1,3,33,NA,10,31,49,20,110,4
AWA,34,1,5,42,LC,1,35,48,26,110,4
BBR,112,1,4,4,HC,16,42,35,17,110,4
BLS,9007,1,1,31,MHC,3,42,30,35,110,4
BWA,95,1,5,5,SC,55,19,35,1,110,4
CBW,264,1,4,9,CLS,38,36,18,18,110,4
CBW,276,1,5,5,NA,21,51,19,19,110,4
HTN,9006,1,4,6,LMC,3,37,42,28,110,4
KAI,6006,1,2,33,LMC,9,64,13,24,110,4
KAL,6007,1,15,45,NA,3,49,30,28,110,4
LOC,780,1,3,39,MC,1,66,13,30,110,4
LOC,781,1,2,33,LMC,1,40,31,38,110,4
LOC,781,1,2,36,LMC,1,46,28,35,110,4
LOC,781,1,5,45,ZC,1,41,40,28,110,4
LOV,24,1,3,33,NA,6,7,68,29,110,4
MBP,6003,1,1,33,ZC,23,37,22,28,110,4
MON,6091,1,3,5,MC,17,47,23,23,110,4
MON,6095,1,2,3,MC,15,57,19,19,110,4
MON,6095,1,3,4,MHC,13,57,20,20,110,4
MON,6095,1,3,5,MHC,16,58,18,18,110,4
P2REEF,505,1,3,7,ZCL,17,28,41,24,110,4
P2REEF,513,1,2,4,FSCL,1,23,60,26,110,4
SSC,9012,1,2,33,SLI,62,28,11,9,110,4
LARA,9004,1,2,21,HC,3.7,53.2,23.8,29.1,109.80000000000001,4
UBV,15,1,2,2,LC,22.8,20.3,30.400000000000002,36.300000000000004,109.80000000000001,4
LIA,261,1,3,7,LMC,7.4,73,13.3,16.1,109.8,4
GULLY,6,1,1,11,NA,1.4000000000000001,46.300000000000004,39.7,22.3,109.7,4
CBW,9004,1,5,5,SLMC,46,38,25,0.5,109.5,4
GULLY,64,1,3,3,LMC,1.9000000000000001,41.5,42.800000000000004,23.3,109.5,4
P2REEF,500,1,2,4,ZCL,0.5,20,53,36,109.5,4
UBV,21,1,1,1,FSCL,23.1,11.6,45.800000000000004,28.900000000000002,109.4,4
MIPS,35,1,1,1,LCZ+,3.4,39,42,24.900000000000002,109.3,4
BAMAR,803,1,1,2,FSLC,8.705,23.185000000000002,52.263000000000005,25.105,109.25800000000001,4
NCD,52,1,2,5,MHC,1,83.9,7.3,17.016000000000002,109.21600000000001,4
UBV,16,1,1,1,SCL,20.1,18.6,30.8,39.7,109.2,4
UBV,38,1,6,3,CLFS,1.8,26.900000000000002,54.300000000000004,26.1,109.10000000000001,4
ABC,230,1,3,39,LC,10,59,20,20,109,4
ABC,235,1,1,31,LC,18,38,30,23,109,4
ABN,93,1,3,33,MHC,10,74,14,11,109,4
ABN,93,1,5,39,MHC,12,69,17,11,109,4
ABN,93,1,6,42,MHC,17,66,16,10,109,4
ABN,194,1,3,26,CL,12,42,41,14,109,4
BAN,796,1,3,3,NA,10,41,25,33,109,4
BAN,865,1,4,6,LC,3,41,37,28,109,4
BSS,5,1,2,3,LFS,12,12,64,21,109,4
CBW,287,1,5,4,NA,13,64,16,16,109,4
DWA,44,1,1,1,SL,29,30,37,13,109,4
GDR,1392,1,3,4,MC,9,52,42,6,109,4
GULLY,73,1,3,3,MC,1,41.7,37.7,28.6,109,4
HTN,9000,1,4,5,MC,4,41,38,26,109,4
HTN,9004,1,2,3,LC,7,33,41,28,109,4
JFD,9006,1,5,7,MC,3,47,36,23,109,4
KAI,6006,1,1,31,MC,15,47,14,33,109,4
KAI,6006,1,3,36,LMC,10,63,14,22,109,4
KAI,6007,1,3,36,MC,1,66,16,26,109,4
KAI,6007,1,5,42,MC,1,47,23,38,109,4
KAL,6007,1,6,36,NA,1,51,27,30,109,4
LOV,9,1,5,39,NA,10,26,49,24,109,4
LOV,48,1,1,30,L,11,14,60,24,109,4
MCL,9046,1,1,31,CLFS,13,14,54,28,109,4
MLG,9011,1,2,33,MC,6,45,39,19,109,4
MON,6091,1,1,2,MC,18,45,23,23,109,4
P2REEF,500,1,2,6,ZCL,7,22,44,36,109,4
PZS,5,1,1,2,LC,11,39,23,36,109,4
PZS,5,1,2,4,MC,9,49,19,32,109,4
SSC,9008,1,1,33,LA,14,31,23,41,109,4
SSC,9011,1,3,34,MHC,20,45,26,18,109,4
SSC,9014,1,3,36,NA,84,3,15,7,109,4
SSC,9014,1,3,39,NA,81,2,18,8,109,4
SSC,9014,1,3,45,NA,84,3,15,7,109,4
WCS,6018,1,3,6,MC,18,30,31,30,109,4
WTC,9078,1,3,33,MC,13,41,15,40,109,4
GULLY,59,1,3,4,MC,1,65.7,15.3,26.900000000000002,108.9,4
LARA,9009,1,2,46,MHC,6.1000000000000005,45.7,28.1,28.900000000000002,108.80000000000001,4
UBV,44,1,3,2,MHC,9,40.6,39.6,19.6,108.80000000000001,4
NAWRAQ,163,1,8,6,SLC,14,28.2,28.6,38,108.8,4
UBV,23,1,1,1,CL-,18.3,22,47.6,20.8,108.7,4
SWRES,727,1,8,12,MHC,10.3,45.6,34.2,18.5,108.60000000000001,4
NAWRAQ,162,1,2,1,ZCL,1.8,31.1,33.5,42.1,108.5,4
NAWRAQ,288,1,6,5,MC,4.2,34.5,31.1,38.7,108.5,4
UBV,42,1,1,1,FSCL+,25.5,18.2,40.6,24.2,108.5,4
LIA,211,1,1,2,LC,13,48.5,23.8,23.1,108.4,4
MIPS,2,1,2,3,LC,6.1000000000000005,74,11.9,16.4,108.4,4
MIPS,26,1,2,2,CLFS+,2,32.4,52.5,21.5,108.4,4
NAWRAQ,147,1,5,3,MC,1.9000000000000001,45.9,27.400000000000002,33.2,108.4,4
SEQE,21,1,3,3,LC,1.1,37,41,29.3,108.4,4
UBV,1,1,1,1,CL-,12.3,16.6,53.1,26.2,108.2,4
NAWRAQ,237,1,3,2,MC,17.900000000000002,35,36.2,19,108.10000000000001,4
ABC,142,1,1,31,CL,44,19,24,21,108,4
ABC,153,1,5,39,MHC,10,59,22,17,108,4
ABC,189,1,1,31,LC-,43,26,20,19,108,4
ABC,220,1,1,31,LC,44,36,14,14,108,4
ABC,230,1,3,42,LC,8,66,17,17,108,4
ABN,102,1,3,33,LS,58,14,31,5,108,4
ABN,251,1,2,4,CL,34,19,25,30,108,4
ABN,760,1,2,4,CL-,21,14,47,26,108,4
ARS,6001,1,2,33,ZC-,3,34,37,34,108,4
ATB,6017,1,2,1,LC,5,76,12,15,108,4
BAN,2258,1,1,2,MC,13,52,23,20,108,4
BLS,9009,1,2,36,HC,3,47,37,21,108,4
BRB,6015,1,3,33,MC,10,40,48,10,108,4
BRB,6051,1,1,33,SCL,29,49,21,9,108,4
BRL,9000,1,1,31,CL,24,18,38,28,108,4
BRL,9044,1,7,45,MHC,4,49,25,30,108,4
BRL,9065,1,6,45,LC,1,39,28,40,108,4
BRS,6059,1,1,31,LMC,4,75,12,17,108,4
BRS,6059,1,2,33,LC+,2,76,11,19,108,4
BRS,6079,1,1,31,LC+,5,76,12,15,108,4
BTP,3,1,3,33,NA,7,66,20,15,108,4
BTP,3,1,6,36,NA,18,55,20,15,108,4
BTP,6,1,12,42,NA,4,79,9,16,108,4
CBW,264,1,4,7,CLS,31,43,17,17,108,4
CBW,287,1,5,5,NA,17,55,18,18,108,4
CCL,1450,1,2,3,MHC,5,47,28,28,108,4
CYP,120,1,1,2,LFSY,2,14,60,32,108,4
EIR,9013,1,4,39,MC,8,59,18,23,108,4
HTN,9000,1,5,6,MC,1,50,26,31,108,4
HTN,9002,1,2,3,CLFS,11,25,55,17,108,4
HTN,9006,1,7,8,FSC,12,33,45,18,108,4
KAI,6001,1,3,36,MC,7,65,15,21,108,4
KAI,6002,1,4,45,MC,5,62,16,25,108,4
KAI,6007,1,2,33,MC,2,64,12,30,108,4
KAL,6005,1,9,39,NA,64,2,30,12,108,4
KAL,6007,1,3,33,NA,1,50,26,31,108,4
KAL,6007,1,12,42,NA,2,48,30,28,108,4
LOC,780,1,2,33,MC,3,70,25,10,108,4
LOC,780,1,3,42,MC,1,61,13,33,108,4
LOV,39,1,5,39,NA,17,46,26,19,108,4
LOV,49,1,3,33,NA,10,30,48,20,108,4
MCL,9046,1,2,33,CLFS,10,20,51,27,108,4
MIPS,26,1,5,5,LC,1.4000000000000001,31,41.800000000000004,33.8,108,4
MON,6059,1,1,31,LS,45,18,37,8,108,4
MON,6090,1,2,3,MHC,3,61,22,22,108,4
NEG,2111,1,3,7,CLFS,37,20,41,10,108,4
PZS,32,1,1,2,FSL,19,14,59,16,108,4
ROM,9020,1,5,42,MC,5,66,21,16,108,4
ROM,9020,1,7,6,MHC,5,66,21,16,108,4
SERES,22,1,5,6,MHC,15,60,17,16,108,4
SERES,22,1,7,9,LMC,7,45,18,38,108,4
SJS,9000,1,4,39,NA,7,22,33,46,108,4
SJS,9000,1,5,40,NA,8,21,31,48,108,4
SSC,9014,1,3,42,NA,83,2,15,8,108,4
SWLS,5,1,4,6,LMC,6,45,38,19,108,4
SWLS,15,1,1,2,LC,8,47,38,15,108,4
TAB,2480,1,4,4,FSLC,22,20,47,19,108,4
WTC,9000,1,1,31,SCL,46,16,24,22,108,4
WTC,9003,1,1,31,L,31,17,40,20,108,4
WTC,9003,1,3,33,SCL,27,17,47,17,108,4
WTC,9014,1,4,36,MC,8,42,22,36,108,4
WTC,9020,1,2,36,ZCL,2,34,49,23,108,4
WTC,9020,1,2,42,ZCL,1,37,34,36,108,4
LARA,9012,1,1,58,FSMC,11.700000000000001,28.2,28.900000000000002,39.1,107.9,4
UBV,2,1,1,1,CL,5.4,16.8,48.800000000000004,36.9,107.9,4
MIPS,2,1,3,5,MC,5,70.3,14.6,18,107.89999999999999,4
GULLY,64,1,5,5,MC,1,40.1,39.800000000000004,26.900000000000002,107.80000000000001,4
GULLY,59,1,1,2,MC,1.1,58.9,15.5,32.3,107.8,4
LIA,264,1,7,6,MC,12.5,31.8,44.4,19.1,107.8,4
LARA,9013,1,2,65,ZMC,1.4000000000000001,40.4,30.1,35.800000000000004,107.7,4
UBV,17,1,1,1,CL,4.1,15.1,57.6,30.900000000000002,107.7,4
UBV,17,1,3,2,MC,6.9,46.5,35,19.3,107.7,4
WIN,486,1,4,9,MC,4.7,48.1,19.5,35.4,107.7,4
LARA,9012,1,3,63,LMC,3.1,32.1,46.800000000000004,25.6,107.60000000000001,4
SWRES,722,1,1,1,MC,2.3000000000000003,31.1,58.5,15.700000000000001,107.60000000000001,4
UBV,34,1,1,1,ZL,7.8,11.4,67.4,20.900000000000002,107.50000000000001,4
LOC,6413,1,7,42,ZC,0.5,30,47,30,107.5,4
MIPS,1,1,2,2,LMCFS,15.5,48.5,23.7,19.8,107.5,4
SWRES,718,1,1,1,MC,10.700000000000001,41.9,36.300000000000004,18.6,107.5,4
NAWRAQ,118,1,3,2,ZLC,6.5,35.5,24.1,41.300000000000004,107.4,4
UBV,40,1,3,2,MHC,4.5,57.7,23.6,21.6,107.4,4
AGOPS,54,1,2,5,LMC,15.1,56.4,20.900000000000002,14.99,107.39,4
LARA,9016,1,3,75,HC,2,61.2,21.400000000000002,22.7,107.30000000000001,4
FSE,166,1,4,4,MC,10.5,55.7,18.8,22.2,107.2,4
GULLY,9,1,1,17,NA,0.5,55.6,16.3,34.800000000000004,107.2,4
LARA,9009,1,3,48,MHC,4.7,44,33.2,25.3,107.2,4
LARA,9012,1,2,60,MHC,6.7,46,23.6,30.900000000000002,107.2,4
MIPS,2,1,2,4,LC,6.9,73,10.8,16.5,107.2,4
LIA,261,1,1,2,LMC,9.4,55.2,19.900000000000002,22.6,107.10000000000001,4
UBV,10,1,5,3,MC,13.200000000000001,38.4,32.1,23.400000000000002,107.10000000000001,4
UBV,37,1,1,1,ZCL,4.1,25.400000000000002,37.5,40.1,107.10000000000001,4
NAWRAQ,119,1,5,4,LMC,8,45.4,34.6,19.1,107.1,4
UBV,2,1,3,2,LMC,10,28.6,33.8,34.7,107.1,4
UBV,24,1,1,1,CL,35.4,23.8,18.1,29.8,107.1,4
ABC,99,1,4,36,MC,12,56,17,22,107,4
ABC,204,1,2,33,LC,18,58,15,16,107,4
ABC,211,1,1,31,SCL,45,22,27,13,107,4
ABN,3,1,1,31,CL,5,32,43,27,107,4
ABN,19,1,1,31,MC,8,61,17,21,107,4
ABN,44,1,6,42,MC,11,62,17,17,107,4
ABN,99,1,1,31,SC,33,30,34,10,107,4
ABN,493,1,3,4,MC,7,64,12,24,107,4
ABN,760,1,1,2,CL,12,13,56,26,107,4
ATB,6017,1,3,2,LC,5,73,10,19,107,4
ATB,6025,1,2,3,FSL-,23,4,51,29,107,4
ATD,12,1,4,36,NA,8,60,19,20,107,4
ATE,3,1,3,33,SC,55,21,19,12,107,4
AWA,36,1,4,36,HC,23,44,28,12,107,4
BAN,21,1,2,2,LMC,9,64,16,18,107,4
BAN,197,1,1,1,LMC,14,33,38,22,107,4
BAN,197,1,1,2,LMC,14,40,32,21,107,4
BAN,265,1,1,1,FSMC,1,74,8,24,107,4
BAN,804,1,1,2,CLFS,15,28,43,21,107,4
BAN,865,1,3,4,MHC,2,47,28,30,107,4
BLS,9010,1,2,33,HC,3,50,25,29,107,4
BLS,9011,1,2,36,MHC,4,49,30,24,107,4
BRL,9000,1,7,42,MC,3,38,43,23,107,4
BRL,9065,1,5,42,MC,4,53,18,32,107,4
BRS,6079,1,2,33,LC+,5,73,10,19,107,4
BSA,9,1,1,31,CL-,43,10,34,20,107,4
BSS,14,1,3,4,HC,19,52,23,13,107,4
BSS,30,1,3,5,SCL,50,24,28,5,107,4
BTP,1,1,1,31,ZCL,21,33,36,17,107,4
BTP,1,1,3,33,NA,14,57,20,16,107,4
BWA,9,1,1,1,HC,14,36,45,12,107,4
CBW,284,1,2,2,LC,6,59,21,21,107,4
CBW,9003,1,2,2,LFSY,18,12,51,26,107,4
CCL,756,1,1,2,SCL,17,26,39,25,107,4
CCL,1450,1,3,4,MHC,5,45,29,28,107,4
CCL,1450,1,3,5,MHC,7,45,31,24,107,4
COD,5,1,3,36,FSC,2,34,40,31,107,4
CYP,817,1,1,2,ZCL-,2,23,40,42,107,4
EIR,9009,1,1,31,SCL-,48,17,35,7,107,4
EIR,9026,1,1,31,CLFS-,7,25,54,21,107,4
EIR,9026,1,4,42,LC,2,32,41,32,107,4
FLN,16,1,1,31,MC,5,71,13,18,107,4
GDR,293,1,2,4,MHC,3,53,34,17,107,4
GULLY,126,1,5,5,LMC,8,42.800000000000004,29.8,26.400000000000002,107,4
HRT,6,1,2,33,CLFS,5,26,63,13,107,4
HTN,9006,1,1,2,CLFS,6,32,54,15,107,4
HTN,9008,1,1,3,SCL,16,17,55,19,107,4
JFD,9007,1,1,2,LC,16,33,38,20,107,4
JFD,9007,1,3,4,MC,7,52,27,21,107,4
KAI,6001,1,1,31,LMC,11,57,11,28,107,4
KAI,6002,1,2,33,LMC,6,60,15,26,107,4
KAI,6003,1,4,42,MC,13,53,15,26,107,4
KAI,6004,1,3,36,MC,11,60,18,18,107,4
KAI,6004,1,3,39,MC,11,57,17,22,107,4
KAI,6004,1,4,42,MC,9,61,17,20,107,4
KAI,6007,1,4,39,MHC,1,55,21,30,107,4
KAL,6003,1,1,31,LC,5,26,38,38,107,4
KAL,6003,1,3,33,NA,1,27,38,41,107,4
KAL,6007,1,9,39,NA,1,48,31,27,107,4
LARA,9011,1,1,54,ZLC,1.7,25.900000000000002,37,42.4,107,4
LARA,9018,1,2,80,MHC,1.6,54.5,16.7,34.2,107,4
LIA,264,1,4,3,LMCFS,15.3,28.3,42.7,20.7,107,4
LOC,781,1,3,42,MC,1,51,27,28,107,4
LOC,6413,1,2,33,LMC,2,55,23,27,107,4
LOV,1,1,3,33,NA,31,20,33,23,107,4
LOV,39,1,3,33,NA,60,12,23,12,107,4
LOV,48,1,3,33,NA,7,49,35,16,107,4
LOV,52,1,4,36,NA,14,38,31,24,107,4
LOV,57,1,1,30,LFSY,22,9,46,30,107,4
LOV,65,1,1,30,LFSY,8,10,58,31,107,4
MAX,16,1,4,5,NA,10,2,54,41,107,4
MCL,9047,1,1,31,ZCL+,12,24,41,30,107,4
MLG,9002,1,1,32,CLFS-,2,52,27,26,107,4
MLG,9008,1,1,31,LC-,12,33,31,31,107,4
MON,6090,1,1,2,CL,13,36,29,29,107,4
MON,6095,1,1,2,LMC,12,55,20,20,107,4
MWD,4,1,1,2,CL,7,30,55,15,107,4
NAWRAQ,124,1,2,1,ZLMC,3.3000000000000003,48.4,27,28.3,107,4
NEG,2063,1,2,4,FSLC,29,49,24,5,107,4
P2REEF,502,1,1,3,CLKS,55,18,21,13,107,4
P2REEF,502,1,5,8,LC,24,23,37,23,107,4
P2REEF,503,1,1,3,CLS,33,29,28,17,107,4
P2REEF,503,1,2,4,CLS,32,30,28,17,107,4
P2REEF,505,1,1,3,FSCL,6,25,60,16,107,4
P2REEF,506,1,7,5,LMC,4,49,30,24,107,4
P2REEF,516,1,1,3,ZLC,6,30,35,36,107,4
P2REEF,516,1,3,4,ZLMC,1,37,29,40,107,4
P2REEF,518,1,1,4,ZCL,14,34,43,16,107,4
PCS,6003,1,1,33,CL,20,22,25,40,107,4
PZS,21,1,3,4,SMC-,37,31,17,22,107,4
PZS,30,1,2,3,SCL-,14,14,55,24,107,4
PZS,32,1,5,4,SMC,36,34,29,8,107,4
PZS,34,1,4,7,MHC,7,57,22,21,107,4
QMDSC,13,2,3,3,MHC,5,50,36,16,107,4
ROM,9021,1,1,2,SCL,3,26,59,19,107,4
ROM,9021,1,1,31,SCL,3,26,59,19,107,4
SCSLA,865,1,5,7,LMC,10,64,15,18,107,4
SSC,9003,1,2,33,S,80,7,18,2,107,4
SSC,9008,1,3,39,LC,43,27,18,19,107,4
SSC,9015,1,3,39,NA,88,3,10,6,107,4
SSC,9015,1,3,45,NA,90,7,8,2,107,4
UBV,14,1,3,2,ZMC,2.7,40.9,20.5,42.9,107,4
WAN,6,1,3,36,HC,2,58,27,20,107,4
WAN,22,1,2,33,LMC,19,37,34,17,107,4
WCS,1143,1,1,1,LMC,7,46,25,29,107,4
WCS,6018,1,2,2,CL,20,30,28,29,107,4
WTC,9006,1,1,31,ZCL,5,20,46,36,107,4
WTC,9018,1,1,31,CL,15,31,28,33,107,4
WTC,9054,1,1,31,CLS,34,24,20,29,107,4
WTC,9054,1,3,33,LC,22,33,24,28,107,4
WTC,9072,1,7,42,HC,6,21,51,29,107,4
WTC,9076,1,1,31,CLFS,10,14,60,23,107,4
GULLY,10,1,1,18,NA,2.5,18.400000000000002,62.5,23.5,106.9,4
GULLY,13,1,1,24,NA,2.1,20,55.1,29.7,106.9,4
SWRES,485,1,2,3,MHC,5.2,59.6,30.900000000000002,11.200000000000001,106.9,4
SWRES,493,1,1,1,MC,10.700000000000001,53.9,31.3,11,106.9,4
SWRES,767,1,1,1,MHC,6.4,47.7,27.6,25.2,106.9,4
UBV,36,1,3,2,MHC,19.900000000000002,40.6,23.6,22.8,106.9,4
SWRES,499,1,3,9,MC,11.4,48.800000000000004,35.4,11.200000000000001,106.80000000000001,4
LARA,9003,1,2,19,FSLC,4.8,21.3,52.1,28.6,106.8,4
NAWRAQ,60,1,2,2,FSL,4.6000000000000005,8,75.2,19,106.8,4
UBV,23,1,4,2,FSLC,20,21.6,49.5,15.700000000000001,106.8,4
FSE,260,1,4,3,MC,3.2,47.9,24.400000000000002,31.2,106.7,4
GULLY,7,1,1,14,NA,2,23.5,50.5,30.7,106.7,4
GULLY,66,1,1,2,ZCL,1.2,26.2,51.5,27.8,106.7,4
LARA,9002,1,2,15,MHC,0.5,57.300000000000004,23.1,25.8,106.7,4
MISSE,646,1,2,2,LC,8.700000000000001,43.5,24.2,30.3,106.7,4
UBV,10,1,3,2,MC,6.6000000000000005,49.7,19.400000000000002,31,106.7,4
MIPS,36,1,2,2,FSCLZ+,10.700000000000001,29.2,49.800000000000004,16.9,106.60000000000001,4
NAWRAQ,29,1,3,3,ZLMC,17.400000000000002,10.9,45.300000000000004,33,106.60000000000001,4
P2REEF,92,1,1,2,ZLMC,1.6,36.4,48.800000000000004,19.8,106.60000000000001,4
QSM,89,1,1,2,FSCL,13.1,9.200000000000001,63.2,21.1,106.60000000000001,4
SPY,229,1,4,6,MC,4.3,32.2,41.300000000000004,28.8,106.60000000000001,4
MIPS,47,1,1,2,FSCL,30.400000000000002,16.9,42.6,16.7,106.6,4
UBV,44,1,5,3,FSLMC,26.3,23.400000000000002,36.9,20,106.6,4
BPA,4,1,3,3,HC,6.5,50,25,25,106.5,4
FSE,244,1,1,2,SL,36.2,10.700000000000001,46.6,13,106.5,4
FSE,267,1,3,3,LMC+,15.6,44.6,34.5,11.8,106.5,4
GULLY,6,1,2,12,NA,2.3000000000000003,49.6,32.2,22.400000000000002,106.5,4
GULLY,73,1,1,2,ZLC,2.7,35,40.5,28.3,106.5,4
INK,9004,1,5,42,LC,0.5,43,38,25,106.5,4
LIA,269,1,1,1,L,34.4,21,31.900000000000002,19.2,106.5,4
LYN,211,1,4,4,FS,61,0.5,38,7,106.5,4
NAWRAQ,31,1,1,1,CLFS,36.300000000000004,11.4,43.2,15.6,106.5,4
P2REEF,519,1,3,6,ZLC,0.5,34,46,26,106.5,4
QSM,56,1,3,9,MC,12,56.4,18.400000000000002,19.7,106.5,4
SALTS,148,1,3,3,MC,0.5,42,34,30,106.5,4
SPY,116,2,4,4,SCL,21.8,10.8,54.300000000000004,19.6,106.5,4
BVL,911,1,3,4,LMC,2.5,52.7,17.8,33.43,106.43,4
BVL,912,1,3,3,LMC,0.72,64.4,12.4,28.89,106.41000000000001,4
FSE,71,1,2,3,MC,6.7,29.900000000000002,56.7,13.1,106.4,4
FSE,91,1,3,3,MC,16.2,44.1,31.3,14.8,106.4,4
GULLY,73,1,4,4,LC,1.9000000000000001,38.4,39.2,26.900000000000002,106.4,4
LARA,9001,1,2,7,FSMC,7.4,49,31.900000000000002,18.1,106.4,4
LARA,9015,1,3,72,MHC,1.5,57.1,21.900000000000002,25.900000000000002,106.4,4
LIA,265,1,1,1,LMC,25,25.400000000000002,22.3,33.7,106.4,4
NAWRAQ,29,1,5,6,ZCL,16.1,6.4,58.2,25.7,106.4,4
NAWRAQ,60,1,4,5,CLFS,0.5,23,62,20.900000000000002,106.4,4
NAWRAQ,163,1,4,2,SLMC,34,24.900000000000002,36.7,10.8,106.4,4
PUMP,23,2,3,3,NA,40.800000000000004,9.200000000000001,48.1,8.3,106.4,4
MIPS,1,1,1,1,CL+,14.1,46.2,26.1,19.900000000000002,106.30000000000001,4
MISSE,646,1,3,4,MHC,2.7,63.6,20.1,19.900000000000002,106.30000000000001,4
NAWRAQ,60,1,7,8,FSLC,1.2,23.2,56.300000000000004,25.6,106.30000000000001,4
SWRES,485,1,7,21,MHC,3,53.6,36.7,13,106.30000000000001,4
SWRES,487,1,6,15,MHC,3.8000000000000003,59.300000000000004,32.1,11.1,106.30000000000001,4
SWRES,499,1,3,6,MC,14.200000000000001,47.1,32.1,12.9,106.30000000000001,4
MIPS,17,1,2,2,LMCFS,3,49.6,35.5,18.2,106.3,4
SEQE,21,1,4,4,FSLC,2.8000000000000003,42.2,37.1,24.2,106.3,4
SWRES,487,1,3,3,MHC,6.6000000000000005,54,32.6,13.1,106.3,4
SWRES,494,1,3,11,MHC,5.7,59,29.400000000000002,12.200000000000001,106.3,4
UBV,19,1,1,1,ZCL,7.5,15.4,45.4,38,106.3,4
UBV,33,1,5,3,FSLMC,15.8,35.800000000000004,40.300000000000004,14.3,106.20000000000002,4
FSE,60,1,1,2,LC,15.4,35.800000000000004,34.2,20.8,106.2,4
FSE,85,1,4,4,MHC,1.9000000000000001,62.6,15.3,26.400000000000002,106.2,4
FSE,185,1,5,4,MHC,3,65.7,21.900000000000002,15.6,106.2,4
FSE,243,1,3,3,LMC,1.7,44.7,48.1,11.700000000000001,106.2,4
FSE,245,1,4,4,MC,27.2,40.2,25.7,13.1,106.2,4
FSE,251,1,1,2,SL,16.3,14.5,62.2,13.200000000000001,106.2,4
FSE,282,1,4,3,MHC,0.5,44.1,28.3,33.3,106.2,4
GULLY,77,1,4,4,MHC,3,66.5,12.9,23.8,106.2,4
LIA,191,1,2,3,MC,8.2,57.2,22.400000000000002,18.400000000000002,106.2,4
NAWRAQ,58,1,1,2,LC,13.3,33.8,40,19.1,106.2,4
NAWRAQ,169,1,4,6,MHC,3.4,21.3,20.1,61.4,106.2,4
SERES,82,1,2,4,MC,1,43.5,22,39.7,106.2,4
SPY,81,1,3,4,LMC,8.9,28.1,49.4,19.8,106.2,4
SPY,290,1,1,2,ZCL,2.1,33.1,29.5,41.5,106.2,4
SWRES,492,1,4,9,MHC,6.9,57.2,32.7,9.4,106.2,4
SWRES,495,1,5,21,HC,3.1,72.9,16.1,14.1,106.2,4
SWRES,769,1,1,1,MHC,6.6000000000000005,61.2,29.1,9.3,106.2,4
FSE,66,1,2,3,MHC,0.5,68.60000000000001,18.2,18.8,106.10000000000001,4
FSE,108,1,2,2,LS,20.400000000000002,9,63.5,13.200000000000001,106.10000000000001,4
FSE,132,1,3,4,MC,27.900000000000002,17.6,45.2,15.4,106.10000000000001,4
FSE,207,1,3,3,FSLC,9.4,32.5,38.7,25.5,106.10000000000001,4
LARA,9015,1,2,71,MHC,2.4,42.7,21.2,39.800000000000004,106.10000000000001,4
MIPS,35,1,2,2,LMCZ,2.2,44.1,33.2,26.6,106.10000000000001,4
MISSE,640,1,2,2,CLS,36.800000000000004,30.5,23.900000000000002,14.9,106.10000000000001,4
P2REEF,556,1,1,1,SL,28.1,13.200000000000001,54.800000000000004,10,106.10000000000001,4
SPY,155,1,1,2,SCL,23,14.700000000000001,47,21.400000000000002,106.10000000000001,4
SPY,155,1,2,3,SL,30,14.6,41.7,19.8,106.10000000000001,4
SWRES,492,1,3,6,MHC,5.6000000000000005,55.7,30,14.8,106.10000000000001,4
SWRES,494,1,1,1,MC,13.200000000000001,45.2,38.2,9.5,106.10000000000001,4
UBV,33,1,4,2,FSLMC,11,42.800000000000004,38,14.3,106.10000000000001,4
FSE,121,1,5,4,LMC,12.8,45.5,29.6,18.2,106.1,4
FSE,259,1,1,2,LS,12.5,12.4,72.8,8.4,106.1,4
LIA,264,1,2,2,CL+,19.2,14.3,53.1,19.5,106.1,4
SERES,79,1,2,3,MC,0.5,43.9,23.1,38.6,106.1,4
SPY,184,2,4,5,CS,35,12.8,46.9,11.4,106.1,4
MIPS,36,1,1,1,FSCL+,12.700000000000001,24.1,48.800000000000004,20.400000000000002,106.00000000000001,4
ABC,52,1,2,33,LC,18,37,28,23,106,4
ABC,97,1,2,33,SCL-,49,12,35,10,106,4
ABC,149,1,5,42,HC,15,56,21,14,106,4
ABC,181,1,2,33,CL,21,47,23,15,106,4
ABC,220,1,4,35,LMC,47,29,17,13,106,4
ABC,230,1,1,31,LC,10,52,20,24,106,4
ABC,230,1,1,33,LC,7,46,24,29,106,4
ABC,235,1,4,36,LMC,11,71,14,10,106,4
ABC,305,1,3,36,MC,13,52,23,18,106,4
ABN,3,1,4,36,MC,1,39,40,26,106,4
ABN,24,1,5,42,LMC,10,24,31,41,106,4
ABN,40,1,2,33,SCL,30,41,16,19,106,4
ABN,42,1,5,39,MHC,6,71,14,15,106,4
ABN,61,1,1,31,SCL,54,30,12,10,106,4
ABN,93,1,4,36,MHC,10,70,13,13,106,4
ABN,151,1,1,31,SL,59,10,31,6,106,4
ABN,170,1,5,13,MHC,6,62,15,23,106,4
ABN,264,1,1,2,LC,15,33,28,30,106,4
ABN,477,1,3,7,LC,36,34,21,15,106,4
ABN,493,1,1,2,LC-,9,47,17,33,106,4
ABN,518,1,3,7,LC,22,41,29,14,106,4
ABN,663,1,1,2,CL,18,24,44,20,106,4
ABN,663,1,4,7,LMC,27,43,26,10,106,4
ABN,729,1,1,2,FSLC,20,16,57,13,106,4
ABN,760,1,2,7,CL-,25,12,43,26,106,4
ABN,760,1,4,10,LMC,13,32,38,23,106,4
ABN,830,1,2,4,CLS,38,18,37,13,106,4
ABN,831,1,1,2,SCL,16,20,61,9,106,4
ABS,333,1,4,36,MHC,2,69,13,22,106,4
ASOM,5,1,2,5,LC,3,80,15,8,106,4
ASOM,7,1,1,1,SL,29,11,54,12,106,4
ASOM,7,1,3,5,SCL-,23,19,52,12,106,4
ASOM,8,1,1,1,CS,28,9,60,9,106,4
ASOM,9,1,1,3,CLFS,23,21,38,24,106,4
ASOM,10,1,1,2,CLFS,29,26,32,19,106,4
ASOM,11,1,3,5,LMC,20,35,34,17,106,4
ASOM,15,1,1,1,ZLC,4,22,58,22,106,4
ASOM,15,1,1,3,ZLC,4,21,55,26,106,4
ASOM,16,1,1,2,SL,43,11,38,14,106,4
ASOM,17,1,1,3,SL+,29,10,54,13,106,4
ASOM,17,1,1,4,SL+,26,14,50,16,106,4
ASOM,23,1,2,3,FSL,21,7,53,25,106,4
ASOM,23,1,2,4,FSL,34,7,41,24,106,4
ASOM,25,1,2,3,LFS,24,9,67,6,106,4
ASOM,29,1,1,2,MC,4,70,18,14,106,4
ASOM,30,1,1,1,MC,15,49,30,12,106,4
ASOM,31,1,1,1,ZCL,22,30,25,29,106,4
ASOM,31,1,1,2,ZCL,15,32,28,31,106,4
ASOM,32,1,1,1,ZCL,19,27,29,31,106,4
ATB,6015,1,2,4,LC,14,64,14,14,106,4
ATD,4,1,1,31,HC,7,53,22,24,106,4
ATD,12,1,3,33,NA,9,61,17,19,106,4
ATD,14,1,1,31,LC,14,21,55,16,106,4
ATE,5,1,1,31,MC,7,73,13,13,106,4
AWA,12,1,1,31,LS,72,8,21,5,106,4
AWA,17,1,5,42,HC,1,28,55,22,106,4
BAN,5,1,1,2,LMC,30,26,38,12,106,4
BAN,5,1,3,3,MHC,30,23,40,13,106,4
BAN,21,1,2,3,LMC,7,65,17,17,106,4
BAN,508,1,2,4,LMC,19,51,16,20,106,4
BAN,657,1,3,6,MC,12,47,30,17,106,4
BAN,723,1,3,4,MC,24,46,19,17,106,4
BAN,931,1,1,1,LC,23,34,33,16,106,4
BAN,957,1,1,2,FSCL,29,22,35,20,106,4
BAN,1805,1,1,4,FSCL-,13,17,61,15,106,4
BBR,103,1,1,1,NA,22,50,24,10,106,4
BDSM,12,1,2,3,MC,29,38,28,11,106,4
BDSM,18,1,1,2,SL,37,12,44,13,106,4
BDSM,24,1,3,4,FSLMC,39,24,35,8,106,4
BDSM,47,1,4,4,FSLMC,41,31,24,10,106,4
BDSM,59,1,2,3,CLFS,27,19,41,19,106,4
BDSM,106,1,5,4,LMC,8,22,59,17,106,4
BDSM,110,1,4,5,MC,15,31,43,17,106,4
BDSM,110,1,6,7,LMCFS,45,20,31,10,106,4
BDSM,139,1,1,2,MC,30,44,18,14,106,4
BDSM,144,1,3,4,HC,22,43,29,12,106,4
BDSM,158,1,1,2,CLS,31,24,27,24,106,4
BDSM,158,1,2,3,SLMC,30,24,30,22,106,4
BDSM,175,1,5,5,KSL,47,9,40,10,106,4
BDSM,194,1,2,3,LC,11,43,32,20,106,4
BDSM,255,1,3,3,FSLC,25,23,46,12,106,4
BDSM,258,1,1,2,LMC,27,33,37,9,106,4
BDSM,261,1,4,4,CS,60,7,33,6,106,4
BLS,9001,1,2,33,HC,5,48,24,29,106,4
BLS,9006,1,2,33,FSMC,3,36,43,24,106,4
BLS,9007,1,2,33,HC,3,45,30,28,106,4
BLS,9008,1,3,36,SMHC,10,28,54,14,106,4
BLS,9009,1,4,42,SC,7,26,55,18,106,4
BLS,9010,1,4,39,FSMC,3,42,42,19,106,4
BLS,9011,1,3,39,FSLMC,6,35,46,19,106,4
BLS,9011,1,4,42,FSC,7,31,48,20,106,4
BRL,9001,1,7,45,LMC,1,34,49,22,106,4
BRL,9028,1,4,36,LMC,4,26,66,10,106,4
BRS,6050,1,2,33,LC+,2,75,11,18,106,4
BRS,6050,1,3,36,LC,2,74,11,19,106,4
BSA,20,1,4,39,NA,27,31,30,18,106,4
BSA,21,1,1,31,SCL-,49,15,29,13,106,4
BSS,1,1,3,5,HC,1,42,38,25,106,4
BSS,3,1,1,1,LFS,21,16,45,24,106,4
BSS,3,1,2,3,LFS,22,17,49,18,106,4
BSS,7,1,4,5,LMC,25,44,25,12,106,4
BSS,15,1,1,1,LS,44,8,47,7,106,4
BSS,30,1,2,3,LS,50,12,37,7,106,4
BSS,33,1,1,1,LFS,17,12,70,7,106,4
BSS,50,1,3,3,HC,8,51,21,26,106,4
BTP,1,1,6,36,NA,12,57,20,17,106,4
BWA,1,1,3,3,MC,4,57,32,13,106,4
BWA,121,1,5,5,HC,2,65,10,29,106,4
CBW,9003,1,1,1,LFSY,11,12,56,27,106,4
CBW,9008,1,4,3,LC,2,17,53,34,106,4
CBW,9009,1,2,2,LFSY,10,4,54,38,106,4
CCL,757,1,5,6,MHC,7,43,28,28,106,4
CCL,1270,1,2,3,FSL,1,21,74,10,106,4
CCL,1447,1,5,5,LMC,1,44,47,14,106,4
CCL,1632,1,1,1,ZCL,15,29,37,25,106,4
COD,3,1,2,36,LC,17,55,17,17,106,4
COD,18,1,1,31,LC,9,63,15,19,106,4
CQH,128,1,1,2,ZCL,1,26,33,46,106,4
CQM,165,1,2,2,MHC,7,66,15,18,106,4
CTI,318,1,2,33,MC,4,41,34,27,106,4
CWR,9002,1,3,33,MC,9,53,27,17,106,4
CYP,120,1,2,3,LFSY,16,21,43,26,106,4
CYP,781,1,1,2,ZL,10,14,55,27,106,4
CYP,817,1,4,3,ZLC,1,36,27,42,106,4
EIR,9003,1,5,42,MC,11,53,32,10,106,4
EIR,9010,1,4,36,MC,4,52,30,20,106,4
EIR,9013,1,5,42,MC,10,55,20,21,106,4
EIR,9017,1,1,31,SCL,42,19,36,9,106,4
EIR,9033,1,2,33,MC,9,56,34,7,106,4
FLN,10,1,1,31,MC,12,57,26,11,106,4
FLN,10,1,5,39,MC,12,60,23,11,106,4
FLN,10,1,6,42,MC,13,53,26,14,106,4
FLN,16,1,5,39,MC,8,37,9,52,106,4
FSE,13,1,6,5,NA,1.4000000000000001,26,61.7,16.9,106,4
FSE,49,1,1,2,MC,10.3,53.4,24.400000000000002,17.900000000000002,106,4
FSE,54,1,3,3,SMC,17,30,53.2,5.8,106,4
FSE,55,1,4,4,LMC,5.7,57.2,21.8,21.3,106,4
FSE,56,1,5,4,LMC,8.8,69.8,10.8,16.6,106,4
FSE,67,1,1,2,CL,26.400000000000002,37,29.7,12.9,106,4
FSE,90,1,4,4,LMC,0.5,34.5,38.6,32.4,106,4
FSE,127,1,1,2,SL+,33.4,10.700000000000001,46.5,15.4,106,4
FSE,146,1,1,2,ZCL,23.7,19,39.300000000000004,24,106,4
FSE,249,1,6,4,SMC,33,34.5,25.5,13,106,4
GAY,6001,1,1,31,CL,31,16,35,24,106,4
GDR,293,1,3,5,MHC,4,49,36,17,106,4
GDR,463,1,2,3,SL,20,21,50,15,106,4
GDR,1536,1,3,3,MHC,6,49,40,11,106,4
GDR,1536,1,4,4,MHC,6,48,40,12,106,4
GRT,128,1,2,2,SCL,1,47,20,38,106,4
GRT,128,1,3,3,LMC,1,47,20,38,106,4
GULLY,6,1,3,13,NA,0.5,40.800000000000004,35.7,29,106,4
HRT,4,1,1,31,SCL,6,16,71,13,106,4
HRT,7,1,6,39,MHC,4,47,32,23,106,4
HTN,9000,1,2,4,MC,1,53,31,21,106,4
HTN,9000,1,5,7,MC,3,58,21,24,106,4
HTN,9001,1,2,3,LFSY,10,16,68,12,106,4
HTN,9001,1,3,4,LFSY,10,20,65,11,106,4
HTN,9003,1,1,2,CLFS,7,21,60,18,106,4
HTN,9004,1,1,2,LC,4,26,53,23,106,4
HTN,9004,1,4,5,MC,5,52,23,26,106,4
HTN,9004,1,5,6,FSC+,13,42,33,18,106,4
HTN,9006,1,3,5,LMC,4,31,59,12,106,4
HTN,9009,1,1,2,CLFS,4,25,45,32,106,4
HTN,9010,1,4,4,MC,14,42,32,18,106,4
HTS,153,1,5,5,LMC,23,42,23,18,106,4
HTS,327,1,5,6,LC,17,39,32,18,106,4
HTS,389,1,3,3,MC,19,39,29,19,106,4
HTS,392,1,3,4,LMC,22,32,34,18,106,4
INK,9006,1,5,39,MC,17,49,25,15,106,4
INK,9008,1,3,33,MC,7,51,31,17,106,4
INK,9008,1,5,36,MC,10,49,32,15,106,4
INK,9013,1,4,36,LMC,24,35,33,14,106,4
JFD,9002,1,3,3,MHC,5,51,20,30,106,4
KAI,6001,1,2,33,MC,8,67,12,19,106,4
KAI,6001,1,4,45,MC,2,54,22,28,106,4
KAI,6002,1,3,36,MC,7,59,17,23,106,4
KAI,6003,1,1,31,LMC,15,51,17,23,106,4
KAI,6003,1,3,39,MC,10,60,14,22,106,4
KAI,6005,1,5,42,LMC,30,31,26,19,106,4
KAI,6006,1,4,42,MC,5,71,8,22,106,4
KAI,6007,1,1,31,LMC,12,44,17,33,106,4
KAI,6007,1,5,45,MC,2,44,28,32,106,4
KAL,6003,1,9,39,NA,1,31,41,33,106,4
KAL,6007,1,1,30,CL,4,36,34,32,106,4
KAL,6007,1,1,31,CL,2,51,22,31,106,4
KCM,9022,1,4,42,HC,1,69,12,24,106,4
KCM,9054,1,3,33,MHC,4,67,17,18,106,4
KCM,9054,1,3,42,MHC,3,69,17,17,106,4
LARA,9005,1,1,35,SL,19.1,14.1,54.7,18.1,106,4
LOC,780,1,5,45,CL,3,33,40,30,106,4
LOC,781,1,1,31,ZC,2,40,35,29,106,4
LOC,783,1,1,33,LC,2,51,25,28,106,4
LOC,6019,1,2,33,MHC,6,61,18,21,106,4
LOC,6200,1,4,39,MHC,6,57,17,26,106,4
LOC,6200,1,4,42,MHC,14,53,20,19,106,4
LOC,6248,1,6,42,MC,12,41,37,16,106,4
LOC,6413,1,5,39,ZC,3,31,47,25,106,4
LOV,2,1,4,36,NA,5,18,54,29,106,4
LOV,2,1,5,39,NA,5,21,51,29,106,4
LOV,9,1,3,33,NA,8,23,33,42,106,4
LOV,39,1,4,36,NA,31,39,23,13,106,4
LOV,65,1,3,33,NA,3,35,43,25,106,4
LSGARA,117,1,2,2,ZCL,1,17,73,15,106,4
LSGARA,257,1,2,2,MC,10,38,42,16,106,4
LSGARA,269,1,3,2,LMC,20,21,47,18,106,4
LSGARA,404,1,3,3,HC,3,70,16,17,106,4
LSGARA,1002,1,4,6,LC,7,45,34,20,106,4
LSGARA,1004,1,3,4,HC,9,54,28,15,106,4
LSGARA,1009,1,2,3,ZMC,2,63,20,21,106,4
LYN,201,1,1,1,LS,42,6,49,9,106,4
LYN,206,1,1,1,LS,45,5,49,7,106,4
LYN,249,1,5,5,SLC,11,42,35,18,106,4
MCL,9023,1,4,42,HC-,4,56,22,24,106,4
MCL,9028,1,5,42,HC,2,51,20,33,106,4
MCL,9029,1,2,33,NA,45,16,32,13,106,4
MCL,9033,1,1,31,LS,39,10,50,7,106,4
MCL,9034,1,1,31,NA,62,13,21,10,106,4
MCL,9047,1,3,42,HC,9,42,31,24,106,4
MGR,9005,1,2,3,FSCL,5,29,46,26,106,4
MGR,9005,1,3,5,CL+,4,43,36,23,106,4
MISSE,6,1,1,2,CLFS,23,34,34,15,106,4
MISSQ,90,1,5,7,SLC,18,19,37,32,106,4
MISSQ,93,1,5,4,MHC,3,63,23,17,106,4
MISSQ,101,1,2,2,LC,8,58,21,19,106,4
MISSQ,101,1,3,3,LMC,5,72,14,15,106,4
MISSQ,108,1,2,2,KS,60,6,28,12,106,4
MISSQ,116,1,6,16,LCFS,25,31,44,6,106,4
MISSQ,117,1,1,1,FSL,37,15,47,7,106,4
MISSQ,118,1,4,10,FSCL,29,27,48,2,106,4
MISSQ,125,1,1,1,LCS,36,8,58,4,106,4
MISSQ,125,1,2,2,LCS,44,8,50,4,106,4
MISSQ,125,1,4,4,LFS,44,8,50,4,106,4
MLG,9004,1,2,33,MHC,5,53,30,18,106,4
MLG,9007,1,9,49,FSC,3,35,40,28,106,4
MLG,9008,1,3,36,LMC,13,39,31,23,106,4
MWD,9,1,1,2,SL,26,17,52,11,106,4
MWD,10,1,1,2,SL,36,8,55,7,106,4
MWD,13,1,3,3,HC,5,64,18,19,106,4
MWD,16,1,2,2,MHC,7,35,51,13,106,4
MWD,19,1,1,2,SL,34,8,63,1,106,4
MWD,23,1,2,2,CL,9,20,56,21,106,4
MWD,25,1,1,2,CL,9,31,51,15,106,4
NAWRAQ,111,1,9,6,SLMC,6.1000000000000005,25.2,55.9,18.8,106,4
NEG,2002,1,2,2,LMC,12,63,12,19,106,4
NEG,2052,1,1,2,ZCL,6,22,51,27,106,4
NEG,2053,1,3,5,MC,10,27,27,42,106,4
NEG,2063,1,1,2,SL,33,19,47,7,106,4
NLH,9004,1,2,33,CL+,4,30,35,37,106,4
NSCM,2,1,2,2,SCL,56,16,23,11,106,4
NWREC,10,1,2,3,LCS,43,28,29,6,106,4
NWREC,14,1,4,6,HC,2,58,34,12,106,4
NWREC,17,1,3,4,LS,51,10,40,5,106,4
NWREC,24,1,4,6,MCFS,12,46,40,8,106,4
NWREC,31,1,2,3,SL,39,15,49,3,106,4
NWREC,35,1,2,3,LS,40,9,53,4,106,4
NWREC,35,1,4,4,SLC,32,32,38,4,106,4
NWREC,40,1,2,2,LMC,2,44,45,15,106,4
NWREC,43,1,2,3,LC,9,30,57,10,106,4
NWREC,44,1,2,3,MC,7,50,34,15,106,4
NWREC,48,1,2,2,SCL,30,19,45,12,106,4
NWREC,49,1,1,2,LS,49,12,39,6,106,4
NWREC,50,1,1,2,LS,37,9,54,6,106,4
P2REEF,8,1,3,3,MCS,22,51,22,11,106,4
P2REEF,10,1,5,6,NA,35,39,18,14,106,4
P2REEF,25,1,5,6,CLKS+,59,17,22,8,106,4
P2REEF,29,1,1,1,CLFS,12,15,66,13,106,4
P2REEF,39,1,1,2,SCL,41,22,35,8,106,4
P2REEF,43,1,1,3,ZLC,2,26,43,35,106,4
P2REEF,43,1,2,4,MCZ,2,37,34,33,106,4
P2REEF,44,1,1,2,CLFS,36,26,30,14,106,4
P2REEF,44,1,2,4,CLFS,40,36,19,11,106,4
P2REEF,46,1,1,2,CLFS,28,24,35,19,106,4
P2REEF,46,1,2,3,CLFS+,29,26,32,19,106,4
P2REEF,56,1,3,4,LS,34,5,54,13,106,4
P2REEF,58,1,2,3,LS,31,8,55,12,106,4
P2REEF,500,1,2,5,ZCL,1,22,49,34,106,4
P2REEF,501,1,1,4,CLFS,12,28,45,21,106,4
P2REEF,501,1,3,7,FSCL,12,30,48,16,106,4
P2REEF,505,1,2,5,ZCL,7,25,53,21,106,4
P2REEF,505,1,3,8,ZCL,13,25,44,24,106,4
P2REEF,506,1,8,6,MC,4,67,18,17,106,4
P2REEF,507,1,2,4,LMC,4,44,30,28,106,4
P2REEF,511,1,5,5,MC,10,47,36,13,106,4
P2REEF,513,1,2,5,FSCL,4,19,67,16,106,4
P2REEF,516,1,4,6,ZLC,2,32,36,36,106,4
PCS,6013,1,2,33,NA,47,10,29,20,106,4
PCS,6016,1,4,39,HC,13,32,37,24,106,4
PIN,6018,1,2,33,LMC,6,78,11,11,106,4
PZS,8,1,5,7,MC,28,45,15,18,106,4
PZS,16,1,3,4,MHC,5,57,20,24,106,4
PZS,29,1,3,7,MC,3,53,26,24,106,4
PZS,30,1,3,5,SLC,24,29,37,16,106,4
PZS,31,1,1,2,CLS,35,24,33,14,106,4
PZS,32,1,6,7,MHC,28,34,32,12,106,4
PZS,32,1,7,13,MHC,12,43,35,16,106,4
PZS,35,1,3,7,HC,6,64,17,19,106,4
PZS,35,1,3,10,HC,6,62,18,20,106,4
QCB,178,1,4,36,NA,29,14,24,39,106,4
QMDSC,24,1,6,8,LC,25,24,39,18,106,4
QMDSC,36,1,3,4,LC,9,32,54,11,106,4
QMDSC,67,1,1,2,LMC,3,35,49,19,106,4
QMDSC,70,1,1,2,CLFS,9,17,63,17,106,4
ROM,9018,1,1,2,SL,21,23,53,9,106,4
ROM,9018,1,1,3,SL,19,26,50,11,106,4
ROM,9018,1,1,31,SL,21,23,53,9,106,4
ROM,9018,1,1,33,SL,19,26,50,11,106,4
ROM,9018,1,5,6,CLFS,20,28,45,13,106,4
ROM,9018,1,5,42,CLFS,20,28,45,13,106,4
ROM,9019,1,5,42,SC,10,37,44,15,106,4
ROM,9019,1,6,6,SC,10,37,44,15,106,4
ROM,9020,1,2,33,LC,10,54,31,11,106,4
ROM,9020,1,3,3,LMC,10,54,31,11,106,4
ROM,9020,1,4,39,MC,5,63,25,13,106,4
ROM,9020,1,6,5,MC,5,63,25,13,106,4
ROM,9021,1,3,36,CLFS,4,40,46,16,106,4
ROM,9021,1,5,4,MC,4,40,46,16,106,4
ROM,9023,1,1,2,CL,14,35,43,14,106,4
ROM,9023,1,1,31,CL,14,35,43,14,106,4
ROM,9023,1,2,33,LC,8,59,28,11,106,4
ROM,9023,1,3,3,MHC,8,59,28,11,106,4
ROM,9024,1,4,39,MC,14,51,31,10,106,4
ROM,9024,1,6,5,MC,14,51,31,10,106,4
SALTN,2031,1,1,2,LFSY,26,12,62,6,106,4
SALTS,149,1,1,1,ZLC,1,17,65,23,106,4
SAR,600,1,2,3,LMC,9,44,31,22,106,4
SAR,604,1,2,4,MC,10,53,23,20,106,4
SAR,605,1,3,4,MC,9,32,32,33,106,4
SCSLA,208,1,3,4,FSCL-,23,25,41,17,106,4
SCSLA,226,1,1,2,FSCL-,31,20,27,28,106,4
SCSLA,392,1,2,3,LS,66,18,20,2,106,4
SCSLA,622,1,2,3,CLS,39,30,30,7,106,4
SCSLA,622,1,5,7,KSLC,37,27,35,7,106,4
SCSLA,775,1,1,2,SL,46,16,37,7,106,4
SCSLA,813,1,3,5,LMC,4,83,5,14,106,4
SCSLA,861,1,4,6,KSLMC,55,15,20,16,106,4
SCSLA,866,1,1,2,FSCL,10,32,41,23,106,4
SCSLA,867,1,3,3,MHC,7,55,33,11,106,4
SCSLA,9067,1,1,2,SL,46,13,40,7,106,4
SCSLA,9067,1,2,3,LS,47,8,44,7,106,4
SCSLA,9067,1,3,4,LS,43,17,40,6,106,4
SCSLA,9104,1,4,5,KSLC,47,18,31,10,106,4
SEQE,21,1,2,2,ZCL,1.3,35.300000000000004,43.5,25.900000000000002,106,4
SERES,10,1,1,1,CL,8,28,54,16,106,4
SLK,9004,1,1,2,CL,5,19,47,35,106,4
SPY,210,1,2,2,SCL,47.300000000000004,14.9,29.6,14.200000000000001,106,4
SSC,9002,1,2,33,S,92,7,5,2,106,4
SSC,9002,1,6,45,S,94,7,5,NA,106,3
SSC,9004,1,1,31,LS,72,14,14,6,106,4
SSC,9006,1,4,39,S,85,7,12,2,106,4
SSC,9007,1,2,32,SLA,78,12,9,7,106,4
SSC,9011,1,1,31,CL,23,27,40,16,106,4
SSC,9016,1,2,33,S,94,6,3,3,106,4
SWLS,5,1,3,4,MC,5,48,37,16,106,4
SWLS,5,1,3,5,MC,7,43,39,17,106,4
SWRES,318,1,1,1,ZCL,24,18,23,41,106,4
SWRES,496,1,3,12,HC,5.1000000000000005,66.2,22.2,12.5,106,4
SWRES,498,1,2,6,MHC,9.200000000000001,50.9,33.9,12,106,4
UBV,9,1,2,2,MC,10.8,56.300000000000004,12.8,26.1,106,4
UBV,33,1,1,1,FSCL+,15.9,16.6,56,17.5,106,4
WAN,1,1,4,42,MHC,5,72,11,18,106,4
WAN,1,1,4,45,MHC,7,68,10,21,106,4
WAN,6,1,1,31,HC,6,59,27,14,106,4
WAN,22,1,1,31,LC,20,34,32,20,106,4
WAN,22,1,3,39,LMC,23,41,28,14,106,4
WAN,23,1,6,42,HC,2,60,27,17,106,4
WCS,1114,1,1,1,LC,4,47,18,37,106,4
WCS,1116,1,2,2,MC,6,59,15,26,106,4
WDH,9036,1,1,2,FSCL,9,21,57,19,106,4
WDH,9036,1,2,4,CLFS+,9,34,46,17,106,4
WDH,9041,1,1,2,CLS,21,22,48,15,106,4
WDH,9041,1,2,3,CLS,17,23,51,15,106,4
WDH,9042,1,3,6,CLFS,18,30,39,19,106,4
WDH,9043,1,1,2,FSL,7,15,64,20,106,4
WHE,27,1,1,2,NA,13,16,53,24,106,4
WHE,27,1,2,3,NA,13,20,52,21,106,4
WIN,486,1,2,3,ZCL,13.6,17.400000000000002,37,38,106,4
WTC,9002,1,1,31,SL,51,9,35,11,106,4
WTC,9002,1,4,36,MC,27,35,28,16,106,4
WTC,9006,1,4,39,HC,3,34,46,23,106,4
WTC,9020,1,1,31,ZCL,2,24,59,21,106,4
WTC,9036,1,5,36,CLFS-,19,7,67,13,106,4
WTC,9049,1,1,2,SL,45,10,37,14,106,4
WTC,9049,1,2,3,SL,40,16,37,13,106,4
WTC,9082,1,3,36,MHC,5,53,18,30,106,4
WTC,9089,1,2,33,LFSY,14,14,29,49,106,4
BVL,912,1,1,1,FSCL,4.5,45.4,17.900000000000002,38.19,105.99,4
BAUP,2,1,3,3,LMC,7,69.8,18.8,10.3,105.9,4
CTAP,146,1,2,3,MHC,7.6000000000000005,55.800000000000004,24.5,18,105.9,4
FSE,30,1,2,3,MC,15.1,44.4,33.6,12.8,105.9,4
FSE,73,1,3,4,FSL,9.8,16.2,65.5,14.4,105.9,4
FSE,87,1,2,3,SCL,37.9,23.2,29.6,15.200000000000001,105.9,4
FSE,94,1,1,2,ZCL,9.8,35.4,44.6,16.1,105.9,4
FSE,102,1,3,3,MC,14.3,39.6,40.7,11.3,105.9,4
FSE,202,1,4,3,CL,14.5,47.9,28.6,14.9,105.9,4
LAU,2,1,4,4,FSCL-,42,16.2,44.7,3,105.9,4
LAU,8,1,2,2,FSCL+,35.7,19.8,44.2,6.2,105.9,4
LAU,9,1,5,5,CLFS,37.2,24.900000000000002,42.7,1.1,105.9,4
LIA,163,1,1,2,FSL,27.1,14.3,48.4,16.1,105.9,4
MIPS,35,1,4,3,LMC,0.5,35.6,38.1,31.7,105.9,4
MISSE,644,1,4,4,MHC,14.5,33.8,43.1,14.5,105.9,4
NAWRAQ,60,1,4,4,CLFS,1.1,28.3,55.5,21,105.9,4
NAWRAQ,111,1,3,2,FSCL,20.2,23.3,50,12.4,105.9,4
SERES,80,1,2,2,LCS,15,19.400000000000002,59.2,12.3,105.9,4
SERES,80,1,3,5,SLC,4.8,24.5,60.7,15.9,105.9,4
SWRES,484,1,8,31,MC,5,50,36,14.9,105.9,4
SWRES,495,1,3,9,MHC,7.2,57.5,30.2,11,105.9,4
SWRES,497,1,1,1,MC,8.4,53.7,26.3,17.5,105.9,4
SWRES,780,1,9,57,FSMC,3.9,47.7,33.9,20.400000000000002,105.9,4
UBV,1,1,3,2,LC,15.8,24.900000000000002,39.1,26.1,105.9,4
FSE,243,1,6,4,LMC,1.3,32.5,51.9,20.2,105.89999999999999,4
SWRES,484,1,6,18,MC,5.8,58.5,33.3,8.3,105.89999999999999,4
BDSM,257,1,1,1,SL,7.3,31.1,44.300000000000004,23.1,105.80000000000001,4
CTAP,177,1,3,2,MHC,18,60.300000000000004,17.5,10,105.80000000000001,4
EAS,734,1,1,1,CL,20.6,34.800000000000004,21.8,28.6,105.80000000000001,4
FSE,39,1,2,3,ZL,6.2,18.7,64.4,16.5,105.80000000000001,4
FSE,82,1,2,3,SCL,23.7,24.900000000000002,45.300000000000004,11.9,105.80000000000001,4
FSE,95,1,4,3,SLMC,1.8,24.6,73.2,6.2,105.80000000000001,4
FSE,226,1,3,2,SLC,15.700000000000001,22.3,55.800000000000004,12,105.80000000000001,4
FSE,235,1,1,2,MC,9.700000000000001,48.800000000000004,27.400000000000002,19.900000000000002,105.80000000000001,4
KUR,4,1,4,4,CLFS,23.400000000000002,31.2,24.8,26.400000000000002,105.80000000000001,4
KUR,5,1,3,3,SLC,39,24.900000000000002,31.400000000000002,10.5,105.80000000000001,4
MISSE,646,1,3,5,MHC,2.5,61.800000000000004,19.900000000000002,21.6,105.80000000000001,4
NAWRAQ,118,1,5,6,LMC,7.2,32.2,37.1,29.3,105.80000000000001,4
NOOP,265,1,4,4,LMC,3.9,68.4,12.5,21,105.80000000000001,4
SPY,6,1,3,4,CLFS,27,26.1,40.800000000000004,11.9,105.80000000000001,4
SWRES,484,1,3,4,LMC,9.700000000000001,48.2,38,9.9,105.80000000000001,4
SWRES,486,1,1,1,LC,3.8000000000000003,53.1,33.2,15.700000000000001,105.80000000000001,4
UBV,8,1,3,2,MC,9,64.4,12.8,19.6,105.80000000000001,4
CTAP,146,1,4,5,NA,14.4,46.1,22.1,23.2,105.8,4
FSE,31,1,1,2,CL,12.8,23.2,54.1,15.700000000000001,105.8,4
FSE,37,1,1,2,LKS,53.5,8.6,39.1,4.6000000000000005,105.8,4
FSE,76,1,5,4,LMC,2.5,31.400000000000002,40.4,31.5,105.8,4
FSE,124,1,2,3,SL,36.4,11.1,38.2,20.1,105.8,4
FSE,182,1,1,2,CL,8.1,24.7,49,24,105.8,4
FSE,216,1,6,4,LMC,10.9,37.7,41,16.2,105.8,4
FSE,247,1,2,2,MHC,7.6000000000000005,51.2,33.9,13.1,105.8,4
FSE,249,1,3,3,SMC,37.5,30.8,29.6,7.9,105.8,4
GULLY,13,1,3,26,NA,2.1,58.4,25.5,19.8,105.8,4
MIPS,23,1,2,2,CLFSZ+,14.1,30.400000000000002,44.9,16.4,105.8,4
MIPS,26,1,5,4,LC,1.3,41.9,32.4,30.2,105.8,4
MISSE,640,1,1,1,CLFS,33.9,25.2,28.2,18.5,105.8,4
NOOP,266,1,5,5,LMC,5.6000000000000005,47.9,12.700000000000001,39.6,105.8,4
P2REEF,522,2,4,3,LMC,3.3000000000000003,44.5,37.7,20.3,105.8,4
SWRES,491,1,6,18,MHC,9.8,43.6,41.5,10.9,105.8,4
SWRES,494,1,4,24,HC,3.1,70.5,18.1,14.1,105.8,4
CQH,248,1,2,3,CL+,10.200000000000001,38.2,33.3,24.05,105.75,4
BDSM,159,1,1,1,CL,39.5,26.8,30.2,9.200000000000001,105.7,4
BDSM,378,1,1,1,NA,5.7,60.800000000000004,15.3,23.900000000000002,105.7,4
CTAP,177,1,6,6,MC,10.4,69.9,11.1,14.3,105.7,4
EAS,726,1,3,3,AP,0.5,44.5,17.6,43.1,105.7,4
FSE,29,1,1,1,SL,42.9,13.200000000000001,42.4,7.2,105.7,4
FSE,58,1,3,3,SLMC,16.1,45.4,33.4,10.8,105.7,4
FSE,58,1,5,4,MC,18,44,29.400000000000002,14.3,105.7,4
FSE,80,1,5,4,LMC,19,36.2,26.8,23.7,105.7,4
FSE,82,1,5,5,CL,21.6,31.7,35.300000000000004,17.1,105.7,4
FSE,88,1,1,1,S,60.9,5.8,33.9,5.1000000000000005,105.7,4
FSE,95,1,1,1,LS,3.1,12.1,85.3,5.2,105.7,4
FSE,98,1,4,4,MC,8.6,36.9,50.6,9.6,105.7,4
FSE,134,1,1,2,SL,38.9,16.2,37.4,13.200000000000001,105.7,4
FSE,134,1,5,4,SMC,25.7,39.800000000000004,28.8,11.4,105.7,4
FSE,140,1,3,3,FSCL,24.6,21.2,32.8,27.1,105.7,4
FSE,143,1,2,3,FSL,24.1,15.4,35.1,31.1,105.7,4
FSE,146,1,3,3,LC,22.3,24.1,35.4,23.900000000000002,105.7,4
FSE,146,1,5,4,NA,17.8,42.9,24.400000000000002,20.6,105.7,4
FSE,225,1,2,3,LMC,12.4,21.1,53.800000000000004,18.400000000000002,105.7,4
GULLY,4,1,2,7,NA,1.3,32,53.7,18.7,105.7,4
GULLY,5,1,2,10,NA,1.6,53.1,26.900000000000002,24.1,105.7,4
GULLY,10,1,2,19,NA,3,40.9,41.4,20.400000000000002,105.7,4
GULLY,101,1,1,1,ZCL,6.3,27.6,30.2,41.6,105.7,4
KUR,7,1,3,4,CLFS,28.1,31.8,21.8,24,105.7,4
LARA,9011,1,2,55,ZLMC,0.5,38.5,34.2,32.5,105.7,4
LARA,9012,1,3,62,LMC,5.1000000000000005,35.6,41.1,23.900000000000002,105.7,4
LAU,10,1,5,5,CLFS,12.200000000000001,16.4,43.7,33.4,105.7,4
LAU,12,1,5,5,CLFS,32.4,29.900000000000002,40.9,2.5,105.7,4
LAU,20,1,2,2,ZLMC,9.9,29.900000000000002,52.300000000000004,13.6,105.7,4
LIA,267,1,4,3,MC,11.5,58.7,22.7,12.8,105.7,4
MIPS,2,1,2,2,LC,6.5,67.2,10.4,21.6,105.7,4
MISSQ,201,1,1,1,NA,7.8,18.900000000000002,40.1,38.9,105.7,4
NOOP,266,1,4,3,LMC,7.2,46.2,14.3,38,105.7,4
P2REEF,558,1,1,1,NA,26.7,10.3,54.2,14.5,105.7,4
SPY,6,1,1,2,FSCL,26.400000000000002,17.900000000000002,49.300000000000004,12.1,105.7,4
SPY,14,1,1,2,SL,32.2,9.4,40.2,23.900000000000002,105.7,4
SPY,150,2,1,1,SL,32.8,14.5,47,11.4,105.7,4
SPY,210,1,1,1,CS,44,6.3,35.9,19.5,105.7,4
SPY,229,1,3,4,MC,2.9,36.1,39.2,27.5,105.7,4
SWRES,443,1,3,7,MHC,4.6000000000000005,67.5,17.6,16,105.7,4
SWRES,447,1,3,3,MHC,3.9,66.7,16.4,18.7,105.7,4
SWRES,449,1,3,7,NA,2,72,11.4,20.3,105.7,4
SWRES,450,1,3,7,MC,3.8000000000000003,68.60000000000001,16.9,16.4,105.7,4
SWRES,450,1,4,10,MC,5.7,69.7,14,16.3,105.7,4
SWRES,459,1,4,3,LC,10,42,36.800000000000004,16.9,105.7,4
SWRES,484,1,1,1,FSCL,15,27.5,48.300000000000004,14.9,105.7,4
SWRES,762,1,4,12,MHC,2,43.300000000000004,37.9,22.5,105.7,4
UBV,24,1,2,2,LC,21.900000000000002,39.9,13.700000000000001,30.2,105.7,4
P2REEF,70,1,4,5,LCZ,5.6000000000000005,20.7,65.6,13.8,105.69999999999999,4
ARD,9013,1,4,6,LMC,0.67,33,48,24,105.67,4
SEQ,418,1,3,5,SLMC,0.88,51.6,23.1,30.07,105.65,4
MHB,446,1,6,13,MHC,3.5,30.400000000000002,51.4,20.330000000000002,105.63,4
BAUP,2,1,3,5,LMC,12.700000000000001,59.7,19.6,13.6,105.60000000000001,4
BDSM,188,1,1,1,SCL,44.800000000000004,20.400000000000002,26.3,14.1,105.60000000000001,4
CTAP,5,1,1,2,ZLMC+,7.1000000000000005,33.9,50.2,14.4,105.60000000000001,4
EAS,729,1,1,1,L,22.2,29.900000000000002,28.6,24.900000000000002,105.60000000000001,4
EAS,733,1,2,2,ZLC,2.6,40.300000000000004,20.6,42.1,105.60000000000001,4
EAS,733,1,2,4,ZLC,1.1,29.7,36.1,38.7,105.60000000000001,4
FSE,76,1,1,2,LC,3.9,29.6,48,24.1,105.60000000000001,4
FSE,87,1,1,2,SL,42.5,14.700000000000001,33.2,15.200000000000001,105.60000000000001,4
FSE,92,1,5,4,NA,13.9,40.800000000000004,29.400000000000002,21.5,105.60000000000001,4
FSE,126,1,2,2,LMC,7.6000000000000005,48.800000000000004,25.3,23.900000000000002,105.60000000000001,4
FSE,143,1,1,2,FSCL,24.5,13.700000000000001,39.6,27.8,105.60000000000001,4
FSE,147,1,1,2,MC,16,48.7,22.900000000000002,18,105.60000000000001,4
FSE,173,1,2,2,MHC,6.7,49.800000000000004,22.6,26.5,105.60000000000001,4
FSE,203,1,3,3,MC,0.5,45.6,30.6,28.900000000000002,105.60000000000001,4
FSE,221,1,5,4,MC,5.2,50.4,27.900000000000002,22.1,105.60000000000001,4
FSE,267,1,5,5,LMC,9.4,61.2,23,12,105.60000000000001,4
LIA,15,1,3,3,MC,2.2,65,11.3,27.1,105.60000000000001,4
LIA,267,1,2,2,FSCL-,24.6,10.9,59.2,10.9,105.60000000000001,4
NOOP,265,1,3,3,LC,9.700000000000001,54.7,15.1,26.1,105.60000000000001,4
NOOP,265,1,6,6,LMC,1.8,78.7,9.3,15.8,105.60000000000001,4
P2REEF,73,1,3,5,MHC,0.5,54.300000000000004,17.2,33.6,105.60000000000001,4
PUMP,35,1,1,1,CS,46.800000000000004,9,38.300000000000004,11.5,105.60000000000001,4
SPY,7,1,1,2,FSL,11,11.1,71.4,12.1,105.60000000000001,4
SWRES,461,1,5,24,MHC,1.3,63.7,32.5,8.1,105.60000000000001,4
SWRES,484,1,4,7,LMC,13.3,41.1,41.300000000000004,9.9,105.60000000000001,4
SWRES,486,1,7,18,MHC,1.9000000000000001,58.6,32.1,13,105.60000000000001,4
SWRES,493,1,3,6,MHC,6.6000000000000005,59,27.400000000000002,12.6,105.60000000000001,4
SWRES,495,1,5,30,HC,4.7,71.60000000000001,15.3,14,105.60000000000001,4
CTAP,78,1,3,2,LC,35.5,32.5,30.5,7.1000000000000005,105.6,4
FSE,77,1,4,4,MHC,12.6,57.9,20,15.1,105.6,4
FSE,248,1,4,3,MC,2.1,60,26.7,16.8,105.6,4
LARA,9003,1,1,18,LC,5.6000000000000005,16,50,34,105.6,4
MISSE,644,1,1,1,FSL,24,18.3,46.9,16.4,105.6,4
MISSQ,158,1,3,6,MC,7.4,54.5,33.8,9.9,105.6,4
NAWRAQ,162,1,5,4,LMC,1.8,26.8,50.5,26.5,105.6,4
P2REEF,557,1,1,1,CL,1.3,30.5,51.9,21.900000000000002,105.6,4
SERES,78,1,2,2,MC,0.5,47.5,15.700000000000001,41.9,105.6,4
SWRES,446,1,4,12,HC,2.5,60,12.8,30.3,105.6,4
SWRES,488,1,6,27,MHC,2.8000000000000003,55.1,33.9,13.8,105.6,4
SWRES,502,1,1,1,MC,13.6,40.2,43.9,7.9,105.6,4
SWRES,603,1,1,1,LCFS,13.1,33,50.1,9.4,105.6,4
MISSQ,158,1,3,5,MC,7.6000000000000005,52.7,35.300000000000004,9.9,105.50000000000001,4
P2REEF,73,1,1,2,ZLMC,2.3000000000000003,42.300000000000004,17.1,43.800000000000004,105.50000000000001,4
BDSM,128,1,1,1,CS,40.4,15.1,38.9,11.1,105.5,4
BDSM,151,1,1,1,CL,32.4,20.6,40,12.5,105.5,4
BDSM,202,1,1,1,CKS,66.3,8.2,21.5,9.5,105.5,4
BDSM,315,1,1,1,FSL,12.9,13.5,71.5,7.6000000000000005,105.5,4
CAB,116,1,2,5,S,87,0.5,15,3,105.5,4
CTAP,177,1,4,3,MHC,15.1,62.4,15.9,12.1,105.5,4
FSE,79,1,1,2,ZL,4.4,28.8,32.1,40.2,105.5,4
FSE,90,1,2,3,LMC,2.4,56.9,29.5,16.7,105.5,4
FSE,143,1,3,4,LMC,12.9,39.2,22.1,31.3,105.5,4
FSE,149,1,3,2,LMC,13.6,41.7,24.900000000000002,25.3,105.5,4
FSE,166,1,2,3,MC,6,54.6,25,19.900000000000002,105.5,4
FSE,222,1,4,3,MC,10.700000000000001,35,44.6,15.200000000000001,105.5,4
FSE,226,1,7,4,LMC,10.5,39,43.1,12.9,105.5,4
GULLY,4,1,1,6,NA,1.8,23.3,59.9,20.5,105.5,4
KUR,3,1,6,6,CLFS,24.1,23.2,30.6,27.6,105.5,4
KUR,4,1,3,3,CLFS,21.2,41.300000000000004,26.8,16.2,105.5,4
LARA,9009,1,4,50,LMC,9.9,33.2,38.9,23.5,105.5,4
LAU,17,1,6,5,FSCL-,30,13,55.9,6.6000000000000005,105.5,4
LIA,200,1,1,2,SL,34.1,7.8,57.4,6.2,105.5,4
MISSE,640,1,5,6,LMC,14.6,63.1,13,14.8,105.5,4
NWREC,5,1,3,3,HC,0.5,63,30,12,105.5,4
P2REEF,42,1,3,4,MHC,0.5,44,25,36,105.5,4
P2REEF,522,2,3,2,LMC,4.6000000000000005,39.1,46.6,15.200000000000001,105.5,4
SALTN,2028,1,3,5,ZLMC,0.5,36,54,15,105.5,4
SCSLA,865,1,4,5,LMC,0.5,79,8,18,105.5,4
SERES,23,1,7,5,LC,0.5,39,32,34,105.5,4
SERES,82,1,3,6,MC,1.8,47,16.9,39.800000000000004,105.5,4
SPY,265,1,1,2,S,61,6.3,31.6,6.6000000000000005,105.5,4
SSC,9002,1,5,43,S,93,7,5,0.5,105.5,4
SWRES,448,1,5,12,MC,3.3000000000000003,72.9,16.3,13,105.5,4
SWRES,462,1,4,6,MHC,4.6000000000000005,54.1,31.400000000000002,15.4,105.5,4
SWRES,470,1,1,1,CL+,36.9,29.400000000000002,12.3,26.900000000000002,105.5,4
SWRES,490,1,1,1,LC,3.8000000000000003,57.7,28.900000000000002,15.1,105.5,4
SWRES,499,1,2,3,MC,13.200000000000001,43.6,35.800000000000004,12.9,105.5,4
SWRES,499,1,4,12,MHC,8,55.9,32.3,9.3,105.5,4
SWRES,580,1,2,3,MHC,3.3000000000000003,67.2,15.9,19.1,105.5,4
SWRES,606,1,2,1,LS,57.9,11.5,29.1,7,105.5,4
SWRES,748,1,1,1,LC,5.1000000000000005,31.1,46.9,22.400000000000002,105.5,4
UBV,34,1,3,2,FSCL+,7,14.700000000000001,66.3,17.5,105.5,4
BVL,1392,1,2,4,LS,39.7,9.6,47.4,8.78,105.48,4
SEQ,42,1,3,4,NA,20.900000000000002,47.1,22.8,14.68,105.48,4
MCD,30,1,2,3,LMC,11.8,41,40.300000000000004,12.33,105.43,4
BAUP,2,1,1,1,LC,17.900000000000002,27.400000000000002,42.9,17.2,105.4,4
BDSM,234,1,1,1,NA,28,38.9,18.8,19.7,105.4,4
BVL,910,1,4,6,NA,19.8,42,27,16.6,105.4,4
CTAP,189,1,3,4,LFSY,8.4,13.700000000000001,75,8.3,105.4,4
EAS,725,1,3,3,LCFS,3.6,36,25.8,40,105.4,4
EAS,735,1,2,2,CL,12.4,33.1,26.3,33.6,105.4,4
FSE,18,1,4,5,LMC,10,35.800000000000004,34.800000000000004,24.8,105.4,4
FSE,35,1,3,4,KSMC,44.300000000000004,32.1,20.8,8.2,105.4,4
FSE,46,1,1,1,LMC,9.5,43.6,26.8,25.5,105.4,4
FSE,53,1,5,4,MC,12.700000000000001,54,19.900000000000002,18.8,105.4,4
FSE,66,1,4,4,MC,1.2,71.5,21.3,11.4,105.4,4
FSE,73,1,2,3,ZL,5.8,16,70.5,13.1,105.4,4
FSE,78,1,2,3,LS,36.9,12,50.2,6.3,105.4,4
FSE,121,1,1,1,SCL,38.300000000000004,9,47.300000000000004,10.8,105.4,4
FSE,122,1,1,1,SL,17.1,14.3,60.4,13.6,105.4,4
FSE,133,1,7,4,LMC,6.7,42.4,38.800000000000004,17.5,105.4,4
FSE,165,1,1,2,LC,12,49.7,21.900000000000002,21.8,105.4,4
FSE,209,1,1,1,CLFS,14.200000000000001,27.7,49.6,13.9,105.4,4
FSE,209,1,3,2,MC,14.200000000000001,27.7,49.6,13.9,105.4,4
FSE,221,1,1,2,FSCL,11.3,29.7,42.7,21.7,105.4,4
FSE,222,1,1,2,FSLC,15.6,29.5,50.4,9.9,105.4,4
FSE,236,1,1,2,SL+,3.9,16.4,67.4,17.7,105.4,4
FSE,237,1,3,3,SMC,3.4,33.7,59.300000000000004,9,105.4,4
FSE,264,1,1,2,LFS,28.3,8.8,61.9,6.4,105.4,4
GULLY,126,1,4,4,SLMC,19.1,37.7,37.300000000000004,11.3,105.4,4
LARA,9005,1,2,37,CLS,32.7,15.8,38.9,18,105.4,4
LARA,9009,1,1,45,MC,11,35,32.3,27.1,105.4,4
LAU,10,1,2,3,ZCL,11.200000000000001,14.700000000000001,54.5,25,105.4,4
LIA,188,1,3,3,LMC,14.4,47,29.3,14.700000000000001,105.4,4
MISSE,640,1,4,4,LMC,13.6,63.7,18.1,10,105.4,4
MISSQ,158,1,2,2,LMC,7.1000000000000005,49.300000000000004,34,15,105.4,4
MISSQ,158,1,3,7,MC,6.2,54.5,34.800000000000004,9.9,105.4,4
NOOP,146,1,4,3,FSLMC,49,34.2,15,7.2,105.4,4
NOOP,258,1,4,4,LMC,10.9,72.3,11.3,10.9,105.4,4
NOOP,265,1,5,5,LMC,1.7,76.10000000000001,10,17.6,105.4,4
P2REEF,70,1,3,4,FSL,24.8,5.4,69.9,5.3,105.4,4
PUMP,23,2,1,1,NA,44.800000000000004,16.2,36.4,8,105.4,4
QSM,89,1,2,3,CLFS,16,14.4,57.300000000000004,17.7,105.4,4
SERES,78,1,1,1,LMC,0.5,49.1,14,41.800000000000004,105.4,4
SPY,7,1,2,4,CFS,10.5,7.6000000000000005,73.4,13.9,105.4,4
SPY,81,1,2,3,FSLC,12.200000000000001,23.1,55.4,14.700000000000001,105.4,4
SWRES,445,1,2,2,MHC,12.8,54.7,27.6,10.3,105.4,4
SWRES,461,1,2,2,MHC,4.1,55.7,31.1,14.5,105.4,4
SWRES,461,1,5,21,MHC,1.3,63.300000000000004,31.6,9.200000000000001,105.4,4
SWRES,483,1,3,8,MHC,7.9,67,15.3,15.200000000000001,105.4,4
SWRES,485,1,1,1,CL,5.8,48.9,37.800000000000004,12.9,105.4,4
SWRES,495,1,2,3,MC,12.8,50.800000000000004,29.3,12.5,105.4,4
SWRES,497,1,3,9,HC,4,69.7,19.2,12.5,105.4,4
SWRES,504,1,6,30,HC,1.6,64.5,25,14.3,105.4,4
SWRES,705,1,1,1,MHC,9.5,42.4,35.6,17.900000000000002,105.4,4
SWRES,722,1,3,4,MHC,11.3,24.2,56.7,13.200000000000001,105.4,4
SWRES,447,1,1,1,MHC,4.1,62.4,18.7,20.2,105.39999999999999,4
SPFD,90,1,3,13,MHC,5.2,39.5,41.300000000000004,19.38,105.38000000000001,4
CCL,787,1,3,7,MC,23.2,57.300000000000004,11.4,13.450000000000001,105.35000000000001,4
BVL,911,1,1,2,LMC-,4.1,41.5,18,41.72,105.32,4
BDSM,255,1,1,1,SL,29,17.1,48.300000000000004,10.9,105.30000000000001,4
BDSM,387,1,1,1,LMC,2.8000000000000003,79.10000000000001,10.4,13,105.30000000000001,4
CTAP,5,1,4,6,LC,8.8,32.5,49.7,14.3,105.30000000000001,4
CTAP,211,1,3,4,MHCS,20.8,48.800000000000004,22.3,13.4,105.30000000000001,4
FSE,41,1,5,4,MC,10.3,60.300000000000004,21.8,12.9,105.30000000000001,4
FSE,69,1,5,5,MC,2.3000000000000003,63.2,21.900000000000002,17.900000000000002,105.30000000000001,4
FSE,246,1,1,2,LMC-,12.6,43.6,39.300000000000004,9.8,105.30000000000001,4
GULLY,59,1,2,3,MC,1,65.9,11.4,27,105.30000000000001,4
SEQE,115,1,1,1,ZCL,1.4000000000000001,20.1,48.800000000000004,35,105.30000000000001,4
SPY,67,2,4,3,CLS,32.1,22.6,42.800000000000004,7.8,105.30000000000001,4
SPY,150,2,3,2,MHC,15.1,60.300000000000004,22,7.9,105.30000000000001,4
SWRES,483,1,7,23,MC,20.400000000000002,34.2,38.300000000000004,12.4,105.30000000000001,4
SWRES,490,1,6,27,MHC,3,65.7,21.400000000000002,15.200000000000001,105.30000000000001,4
BDSM,195,1,1,1,FSLC,24.8,30.6,37.5,12.4,105.3,4
BDSM,403,1,1,1,SLC,25.7,20.2,50.4,9,105.3,4
CTAP,177,1,6,7,MC,15.8,54,21.6,13.9,105.3,4
EAS,726,1,1,1,ZL,0.5,40.9,18.900000000000002,45,105.3,4
EAS,728,1,1,1,CLFS,4,28,50,23.3,105.3,4
FSE,64,1,4,3,MC,5.7,54.5,10.5,34.6,105.3,4
FSE,74,1,2,3,MC,22.3,34.9,34.6,13.5,105.3,4
FSE,130,1,1,2,SL,35.5,9.5,47.1,13.200000000000001,105.3,4
FSE,164,1,1,2,SCL-,28.1,13.200000000000001,47,17,105.3,4
FSE,212,1,1,2,SLMC,22.5,27.6,46.6,8.6,105.3,4
FSE,227,1,1,2,SLC,17.5,20.1,55.1,12.6,105.3,4
FSE,268,1,3,4,LMC,31.400000000000002,29.2,30.3,14.4,105.3,4
LAU,9,1,5,6,CLFS,33.4,36.7,34.1,1.1,105.3,4
NAWRAQ,29,1,3,2,ZLMC,14.1,21,40.4,29.8,105.3,4
PUMP,35,1,3,2,CLFS,28.900000000000002,14.1,47.4,14.9,105.3,4
SPY,7,1,2,3,CFS,11.8,9.4,70.3,13.8,105.3,4
SPY,28,1,1,2,CS,55,7.7,37.6,5,105.3,4
SPY,59,2,1,2,SL,40.5,9.4,43.5,11.9,105.3,4
SPY,150,2,3,4,MHC,16.7,49.2,27.8,11.6,105.3,4
SPY,155,1,5,6,MHC,15.5,50.4,24.3,15.1,105.3,4
SWRES,482,1,2,4,FSLC,46.9,31.2,24.900000000000002,2.3000000000000003,105.3,4
SWRES,486,1,5,12,MHC,2.7,59,34.5,9.1,105.3,4
SWRES,487,1,6,12,MHC,2.8000000000000003,57.300000000000004,33.9,11.3,105.3,4
SWRES,502,1,4,12,MHC,9.3,59.5,23.6,12.9,105.3,4
SWRES,580,1,1,1,MHC,3.2,65.1,16.3,20.7,105.3,4
BAN,2099,1,3,7,ZLMC,2.5,40.4,39.300000000000004,23.03,105.23,4
WCS,6029,1,4,13,MC,2.4,31.5,38.2,33.117000000000004,105.21700000000001,4
SEQ,13,1,2,3,LMC,7.2,70.4,6.9,20.71,105.21000000000001,4
SPY,7,3,4,4,CLFS,9.700000000000001,13,69.60000000000001,12.9,105.20000000000002,4
BAUP,157,1,1,1,SCL,20.900000000000002,13.8,55.300000000000004,15.200000000000001,105.2,4
BDSM,54,1,1,1,LS,44.6,11.8,37.6,11.200000000000001,105.2,4
BDSM,370,1,1,2,LMC,19.5,46.2,24.3,15.200000000000001,105.2,4
BDSM,428,1,1,1,LMC,11.8,31,44.800000000000004,17.6,105.2,4
CTAP,1,1,2,2,MC,13.3,47,26.8,18.1,105.2,4
CTAP,119,1,1,2,ZL+,0.5,17.1,66.4,21.2,105.2,4
EAS,726,1,1,2,ZL,0.5,42.2,19.5,43,105.2,4
FSE,31,1,5,4,MHC,9.8,54.800000000000004,26.1,14.5,105.2,4
FSE,63,1,1,1,FSCL,16.7,20.900000000000002,42.4,25.2,105.2,4
FSE,64,1,6,4,LMC,6.9,41.800000000000004,22.1,34.4,105.2,4
FSE,87,1,5,6,SLC,42.1,21.3,34.9,6.9,105.2,4
FSE,102,1,1,2,SL,18.400000000000002,15.8,56.5,14.5,105.2,4
FSE,108,1,3,3,SLMC,15.1,35.800000000000004,42.5,11.8,105.2,4
FSE,121,1,2,2,MC,20.7,49,22.900000000000002,12.6,105.2,4
FSE,135,1,2,2,LS,52.9,9.700000000000001,29.8,12.8,105.2,4
FSE,137,1,1,1,ZCL,27.400000000000002,19.5,29.3,29,105.2,4
FSE,187,1,1,1,LS,36.2,5.9,54,9.1,105.2,4
FSE,211,1,1,2,FSCL,8.8,22.2,53.800000000000004,20.400000000000002,105.2,4
FSE,221,1,4,3,MC,5.8,52.300000000000004,26.7,20.400000000000002,105.2,4
FSE,246,1,5,4,MC-,14.3,36.6,38,16.3,105.2,4
FSE,269,1,1,2,LS,6.6000000000000005,13.700000000000001,75,9.9,105.2,4
GULLY,64,1,1,2,FSL,1.7,17.7,54.5,31.3,105.2,4
KUR,1,1,4,4,LCFS,32.3,16.9,25.1,30.900000000000002,105.2,4
LAU,10,1,1,2,LFS,36.2,8,54.800000000000004,6.2,105.2,4
LAU,13,1,1,2,LFSY+,25.1,13,59.5,7.6000000000000005,105.2,4
LIA,211,1,2,3,MC,11.3,58.1,14.3,21.5,105.2,4
MIPS,17,1,1,1,LMCFS,3.6,47.5,34.300000000000004,19.8,105.2,4
MIPS,19,1,3,6,MC,4.4,44.2,41.9,14.700000000000001,105.2,4
MISSE,644,1,5,6,MHC,9.8,48.1,33,14.3,105.2,4
MISSE,646,1,2,3,LC,8.8,46,13.5,36.9,105.2,4
SERES,80,1,3,4,SLC,10.1,21.1,59.800000000000004,14.200000000000001,105.2,4
SERES,80,1,4,6,LMC,2.2,29.7,50.7,22.6,105.2,4
SPY,3,1,3,5,CLS,45.7,28.3,24.6,6.6000000000000005,105.2,4
SPY,67,2,2,2,CS,36.1,8.8,52.5,7.8,105.2,4
SPY,116,2,3,3,SCL,20.3,10.5,51.5,22.900000000000002,105.2,4
SPY,158,1,1,1,ZL,32.4,11.8,37.6,23.400000000000002,105.2,4
SPY,276,1,4,4,MC,5,42.800000000000004,44.4,13,105.2,4
SWRES,445,1,2,4,MHC,8.9,66.3,19.7,10.3,105.2,4
SWRES,462,1,5,9,MHC,2.3000000000000003,60.300000000000004,30.900000000000002,11.700000000000001,105.2,4
SWRES,482,1,1,1,SL,49.5,24.400000000000002,24.400000000000002,6.9,105.2,4
SWRES,482,1,1,2,SL,47,24.3,26.7,7.2,105.2,4
SWRES,484,1,3,5,LMC,10.700000000000001,45.1,37.7,11.700000000000001,105.2,4
SWRES,493,1,2,3,MHC,7.5,59.1,25.900000000000002,12.700000000000001,105.2,4
SWRES,493,1,6,27,HC,5.5,61,24.5,14.200000000000001,105.2,4
SWRES,565,1,5,12,MHC,1.2,69,21.2,13.8,105.2,4
UBV,32,1,4,2,MC,16.4,55.9,13.1,19.8,105.2,4
SFS,229,1,3,7,MC+,23.5,47,24.5,10.17,105.17,4
SEQ,20,1,1,2,CL,37.4,27.8,16.4,23.55,105.15,4
BVL,832,1,2,3,FSCL,5,28,50.6,21.54,105.14,4
CCL,785,1,3,4,SMC,10.1,32.9,37.300000000000004,24.810000000000002,105.11,4
BDSM,226,1,1,1,ZCL,26.6,29.5,20.6,28.400000000000002,105.10000000000001,4
EAS,734,1,2,2,MC,17.8,34.6,20.5,32.2,105.10000000000001,4
FSE,31,1,4,3,MHC,6.5,59.7,26.3,12.6,105.10000000000001,4
FSE,35,1,1,2,LKS+,58,8.4,32.1,6.6000000000000005,105.10000000000001,4
FSE,53,1,4,3,MHC,1.4000000000000001,82.10000000000001,8.1,13.5,105.10000000000001,4
FSE,55,1,1,1,MC,5.9,68.4,15.5,15.3,105.10000000000001,4
FSE,60,1,2,3,LMC,15.9,42.800000000000004,22,24.400000000000002,105.10000000000001,4
FSE,134,1,4,3,NA,42,16.2,33.7,13.200000000000001,105.10000000000001,4
FSE,158,1,1,2,L,17.7,26.900000000000002,36.1,24.400000000000002,105.10000000000001,4
FSE,160,1,1,1,KSCL,37.800000000000004,25.400000000000002,18,23.900000000000002,105.10000000000001,4
FSE,240,1,1,2,LS,72.4,6.7,21,5,105.10000000000001,4
FSE,246,1,2,3,LMC,9.9,48.800000000000004,30,16.4,105.10000000000001,4
GULLY,120,1,4,4,LMC,4.7,51.2,26.3,22.900000000000002,105.10000000000001,4
LARA,9000,1,1,1,FSCL,15.9,12.3,57.5,19.400000000000002,105.10000000000001,4
LAU,12,1,3,3,FSL,46.300000000000004,8,49.7,1.1,105.10000000000001,4
MISSQ,158,1,1,1,LCZ,14.3,23.6,54,13.200000000000001,105.10000000000001,4
NAWRAQ,29,1,1,1,ZCL,7.7,10.9,63.1,23.400000000000002,105.10000000000001,4
NAWRAQ,149,1,3,4,ZCL,1,21.400000000000002,54.6,28.1,105.10000000000001,4
P2REEF,73,1,3,4,MHC,1.9000000000000001,55.7,19.1,28.400000000000002,105.10000000000001,4
SPY,7,1,4,6,CLFS,8,19,64.9,13.200000000000001,105.10000000000001,4
SPY,184,2,2,3,CS,39.2,9.4,45.2,11.3,105.10000000000001,4
SWRES,489,1,8,27,MHC,0.5,71.4,23.3,9.9,105.10000000000001,4
SWRES,490,1,3,9,MHC,3,66.4,25.900000000000002,9.8,105.10000000000001,4
SWRES,490,1,6,24,MHC,1.2,68.9,22.7,12.3,105.10000000000001,4
BAUP,2,1,2,2,LC,10.8,46,33,15.3,105.1,4
BDSM,154,1,1,1,SCL,27.5,18.5,51.5,7.6000000000000005,105.1,4
BDSM,380,1,1,1,MC,27.400000000000002,29.7,31,17,105.1,4
CTAP,5,1,2,3,LMC,4.9,49.9,37.4,12.9,105.1,4
EAS,734,1,3,4,MC,0.5,36.4,15.8,52.4,105.1,4
EAS,735,1,3,3,MC,4.8,36.4,32.1,31.8,105.1,4
FSE,39,1,1,2,FSL,6,18.5,63.9,16.7,105.1,4
FSE,73,1,1,2,ZCL,6.8,17.7,65.6,15,105.1,4
FSE,106,1,3,2,MC,22.2,37.9,35.4,9.6,105.1,4
FSE,137,1,4,3,SCL,37.1,14.5,33,20.5,105.1,4
FSE,155,1,3,4,MC,1.8,49.6,26.2,27.5,105.1,4
FSE,219,1,7,5,NA,10.1,67.1,18.5,9.4,105.1,4
KUR,1,1,2,2,LCFS,24.2,37.9,23.900000000000002,19.1,105.1,4
LARA,9005,1,2,36,CLS,33.3,14,39.800000000000004,18,105.1,4
LAU,8,1,5,4,LMC,41.9,29.900000000000002,28.8,4.5,105.1,4
LIA,261,1,2,3,LMC,7.4,65.5,13.4,18.8,105.1,4
SWRES,451,1,3,6,HC,6,60.6,22.3,16.2,105.1,4
SWRES,460,1,1,1,MC,3.2,58,29.5,14.4,105.1,4
SWRES,463,1,1,1,MC,5.1000000000000005,51.2,33.8,15,105.1,4
SWRES,483,1,1,2,MCZ,8.9,68.8,17.3,10.1,105.1,4
SWRES,483,1,3,9,MHC,7.9,66.8,17,13.4,105.1,4
SWRES,486,1,5,9,MHC,3,59.4,33.5,9.200000000000001,105.1,4
SWRES,538,1,3,6,MHC,4.1,65.3,24.8,10.9,105.1,4
CQM,63,1,6,7,MC,6.3,43,28,27.751,105.051,4
SEQ,42,1,2,3,MHC,17.7,53.300000000000004,17.5,16.53,105.03,4
CQA,211,1,6,6,ZMC,1.9000000000000001,55.300000000000004,22.5,25.32,105.02000000000001,4
BDSM,136,1,1,1,SL,7.2,13.8,76.60000000000001,7.4,105.00000000000001,4
NOOP,266,1,4,4,LMC,3.1,46.300000000000004,15.9,39.7,105.00000000000001,4
SWRES,544,1,5,15,MHC,0.5,70.60000000000001,21.5,12.4,105.00000000000001,4
